SecurityID|Trade_Dt|Description|Quantity|MtDPnL
1|10/26/2020|Some Company LTD|1323|54181.48
2|10/26/2020|Fake Company LTD|5743|55518.22
3|10/26/2020|Big Company|9178|190976.59
4|10/26/2020|Green Company|8435|204526.63
5|10/26/2020|Huge Company|86|103076.31
1|10/23/2020|Some Company LTD|688|129198.75
2|10/23/2020|Fake Company LTD|7605|39252.27
3|10/23/2020|Big Company|1414|203880.78
4|10/23/2020|Green Company|6591|36862.94
5|10/23/2020|Huge Company|6878|65693.92
1|10/22/2020|Some Company LTD|5228|86510.22
2|10/22/2020|Fake Company LTD|478|67987.88
3|10/22/2020|Big Company|5819|24423.77
4|10/22/2020|Green Company|5528|55443.99
5|10/22/2020|Huge Company|615|34770.63
1|10/21/2020|Some Company LTD|3761|123796.87
2|10/21/2020|Fake Company LTD|6855|38761.41
3|10/21/2020|Big Company|9178|138718.95
4|10/21/2020|Green Company|2275|66874.96
5|10/21/2020|Huge Company|6592|211165.5
1|10/20/2020|Some Company LTD|6082|146460.22
2|10/20/2020|Fake Company LTD|1277|59926.27
3|10/20/2020|Big Company|7073|767.74
4|10/20/2020|Green Company|4933|32127.96
5|10/20/2020|Huge Company|8056|49887.34
1|10/19/2020|Some Company LTD|7559|26901.65
2|10/19/2020|Fake Company LTD|6132|57938.51
3|10/19/2020|Big Company|5093|98957.99
4|10/19/2020|Green Company|906|127951.83
5|10/19/2020|Huge Company|2291|166004.03
1|10/16/2020|Some Company LTD|7048|33845.01
2|10/16/2020|Fake Company LTD|1444|194656.55
3|10/16/2020|Big Company|1668|71871.01
4|10/16/2020|Green Company|5955|203763.02
5|10/16/2020|Huge Company|5087|25859.99
1|10/15/2020|Some Company LTD|3614|107632.48
2|10/15/2020|Fake Company LTD|4836|110492.86
3|10/15/2020|Big Company|2954|201759.83
4|10/15/2020|Green Company|6765|22133.79
5|10/15/2020|Huge Company|5606|25665.75
1|10/14/2020|Some Company LTD|1904|58574.58
2|10/14/2020|Fake Company LTD|7294|192084.92
3|10/14/2020|Big Company|248|72874.85
4|10/14/2020|Green Company|8008|105382.67
5|10/14/2020|Huge Company|6763|30442.24
1|10/13/2020|Some Company LTD|6132|21876.24
2|10/13/2020|Fake Company LTD|8285|63978.42
3|10/13/2020|Big Company|947|90108.05
4|10/13/2020|Green Company|2587|45771.87
5|10/13/2020|Huge Company|295|119184.9
1|10/12/2020|Some Company LTD|2684|26916.72
2|10/12/2020|Fake Company LTD|4260|42629.81
3|10/12/2020|Big Company|9760|27740.46
4|10/12/2020|Green Company|6446|129451.18
5|10/12/2020|Huge Company|9966|20592.31
1|10/9/2020|Some Company LTD|6468|17329.83
2|10/9/2020|Fake Company LTD|2698|33482.23
3|10/9/2020|Big Company|1465|140197.54
4|10/9/2020|Green Company|2499|139710.78
5|10/9/2020|Huge Company|1379|52273.39
1|10/8/2020|Some Company LTD|7329|106467.78
2|10/8/2020|Fake Company LTD|65|105856.96
3|10/8/2020|Big Company|4580|50959.18
4|10/8/2020|Green Company|3307|186836.25
5|10/8/2020|Huge Company|694|68721.23
1|10/7/2020|Some Company LTD|8392|86706.44
2|10/7/2020|Fake Company LTD|9593|100740.25
3|10/7/2020|Big Company|8348|206761.23
4|10/7/2020|Green Company|8681|50861.64
5|10/7/2020|Huge Company|3713|181381.99
1|10/6/2020|Some Company LTD|6547|72771.14
2|10/6/2020|Fake Company LTD|6748|76101.62
3|10/6/2020|Big Company|759|142997.32
4|10/6/2020|Green Company|3026|77138.92
5|10/6/2020|Huge Company|155|55717.33
1|10/5/2020|Some Company LTD|1452|194061.22
2|10/5/2020|Fake Company LTD|5415|39664.3
3|10/5/2020|Big Company|3374|34680.52
4|10/5/2020|Green Company|7045|161748.89
5|10/5/2020|Huge Company|5667|191590.89
1|10/2/2020|Some Company LTD|2813|12931.97
2|10/2/2020|Fake Company LTD|9416|70314.88
3|10/2/2020|Big Company|2116|162885.19
4|10/2/2020|Green Company|5102|170644.63
5|10/2/2020|Huge Company|5978|59248.51
1|10/1/2020|Some Company LTD|9299|162892.16
2|10/1/2020|Fake Company LTD|431|1006.12
3|10/1/2020|Big Company|6833|124123.18
4|10/1/2020|Green Company|501|139361.04
5|10/1/2020|Huge Company|4839|76987.3
1|9/30/2020|Some Company LTD|6710|190739.31
2|9/30/2020|Fake Company LTD|2009|17962.16
3|9/30/2020|Big Company|7281|36947.9
4|9/30/2020|Green Company|5995|67375.59
5|9/30/2020|Huge Company|2186|76820.2
1|9/29/2020|Some Company LTD|1213|18283.1
2|9/29/2020|Fake Company LTD|7586|168678.34
3|9/29/2020|Big Company|8944|137663.11
4|9/29/2020|Green Company|2793|208505.47
5|9/29/2020|Huge Company|7553|175421.19
1|9/28/2020|Some Company LTD|8111|71709.48
2|9/28/2020|Fake Company LTD|8989|103787.73
3|9/28/2020|Big Company|8861|14070.7
4|9/28/2020|Green Company|5346|63400.67
5|9/28/2020|Huge Company|9393|135970.55
1|9/25/2020|Some Company LTD|7173|38763.6
2|9/25/2020|Fake Company LTD|6000|97357.5
3|9/25/2020|Big Company|5964|159134.07
4|9/25/2020|Green Company|813|23787.81
5|9/25/2020|Huge Company|5145|32179.8
1|9/24/2020|Some Company LTD|697|198194.31
2|9/24/2020|Fake Company LTD|8930|34016.81
3|9/24/2020|Big Company|9855|166403.98
4|9/24/2020|Green Company|1939|38904.35
5|9/24/2020|Huge Company|5632|33673.64
1|9/23/2020|Some Company LTD|391|112842.91
2|9/23/2020|Fake Company LTD|6526|139911.58
3|9/23/2020|Big Company|2351|77124.53
4|9/23/2020|Green Company|7520|14267.72
5|9/23/2020|Huge Company|7304|124047.96
1|9/22/2020|Some Company LTD|4996|133551.62
2|9/22/2020|Fake Company LTD|3144|212011.68
3|9/22/2020|Big Company|9322|65486.98
4|9/22/2020|Green Company|9748|48875.93
5|9/22/2020|Huge Company|7027|20986.01
1|9/21/2020|Some Company LTD|5412|60452.91
2|9/21/2020|Fake Company LTD|7663|114776.82
3|9/21/2020|Big Company|7457|111033.14
4|9/21/2020|Green Company|6127|171074.57
5|9/21/2020|Huge Company|6912|160162.55
1|9/18/2020|Some Company LTD|6408|117420.37
2|9/18/2020|Fake Company LTD|8344|204793.81
3|9/18/2020|Big Company|5390|138441.25
4|9/18/2020|Green Company|8178|179682.96
5|9/18/2020|Huge Company|6293|108343.9
1|9/17/2020|Some Company LTD|8637|174775.64
2|9/17/2020|Fake Company LTD|6594|193953.51
3|9/17/2020|Big Company|7466|60389.3
4|9/17/2020|Green Company|5674|179173.02
5|9/17/2020|Huge Company|5673|142780.67
1|9/16/2020|Some Company LTD|2380|66452.34
2|9/16/2020|Fake Company LTD|8775|143534.76
3|9/16/2020|Big Company|7528|77886.41
4|9/16/2020|Green Company|2413|142037.79
5|9/16/2020|Huge Company|7985|204125.83
1|9/15/2020|Some Company LTD|6299|175163.68
2|9/15/2020|Fake Company LTD|8331|175507.23
3|9/15/2020|Big Company|9650|174358.06
4|9/15/2020|Green Company|370|7174.49
5|9/15/2020|Huge Company|3975|154353.6
1|9/14/2020|Some Company LTD|9660|201022.66
2|9/14/2020|Fake Company LTD|7545|169426.01
3|9/14/2020|Big Company|7632|67575.62
4|9/14/2020|Green Company|5707|107586.21
5|9/14/2020|Huge Company|4701|12194.7
1|9/11/2020|Some Company LTD|6888|155213.22
2|9/11/2020|Fake Company LTD|3564|33148.22
3|9/11/2020|Big Company|7563|211841.15
4|9/11/2020|Green Company|2721|114782.01
5|9/11/2020|Huge Company|4958|42984.96
1|9/10/2020|Some Company LTD|5295|168769.54
2|9/10/2020|Fake Company LTD|1735|171330.9
3|9/10/2020|Big Company|9308|147718.91
4|9/10/2020|Green Company|6132|187335.08
5|9/10/2020|Huge Company|3392|52833.9
1|9/9/2020|Some Company LTD|5964|156310.19
2|9/9/2020|Fake Company LTD|4500|185619.02
3|9/9/2020|Big Company|7533|126613.32
4|9/9/2020|Green Company|5695|128208.46
5|9/9/2020|Huge Company|5413|157921.35
1|9/8/2020|Some Company LTD|5415|74099.45
2|9/8/2020|Fake Company LTD|8403|5105.4
3|9/8/2020|Big Company|3304|37838.84
4|9/8/2020|Green Company|5481|148313.05
5|9/8/2020|Huge Company|4514|204015.34
1|9/4/2020|Some Company LTD|7158|133412
2|9/4/2020|Fake Company LTD|8304|60624.73
3|9/4/2020|Big Company|9353|177133.63
4|9/4/2020|Green Company|326|189751.23
5|9/4/2020|Huge Company|9122|137916.43
1|9/3/2020|Some Company LTD|9662|78637.59
2|9/3/2020|Fake Company LTD|9538|148118.93
3|9/3/2020|Big Company|7450|181815.7
4|9/3/2020|Green Company|548|87100.75
5|9/3/2020|Huge Company|5474|47296.61
1|9/2/2020|Some Company LTD|499|100863.21
2|9/2/2020|Fake Company LTD|5850|26699.25
3|9/2/2020|Big Company|5047|22705.46
4|9/2/2020|Green Company|8206|25881.47
5|9/2/2020|Huge Company|3711|10174.75
1|9/1/2020|Some Company LTD|7394|195694.92
2|9/1/2020|Fake Company LTD|1881|31546.46
3|9/1/2020|Big Company|8293|26949.92
4|9/1/2020|Green Company|7603|198300.68
5|9/1/2020|Huge Company|3372|183605.3
1|8/31/2020|Some Company LTD|2639|17284.98
2|8/31/2020|Fake Company LTD|921|138428.96
3|8/31/2020|Big Company|6774|103640.15
4|8/31/2020|Green Company|9679|100689.51
5|8/31/2020|Huge Company|6771|200479.38
1|8/28/2020|Some Company LTD|7841|29009.37
2|8/28/2020|Fake Company LTD|8141|198571.6
3|8/28/2020|Big Company|1077|166601.64
4|8/28/2020|Green Company|7576|99187.3
5|8/28/2020|Huge Company|7031|207374.71
1|8/27/2020|Some Company LTD|8734|144662.23
2|8/27/2020|Fake Company LTD|5519|47632.96
3|8/27/2020|Big Company|6698|50256.99
4|8/27/2020|Green Company|7092|105501.51
5|8/27/2020|Huge Company|2565|7994.58
1|8/26/2020|Some Company LTD|9501|154045.71
2|8/26/2020|Fake Company LTD|3004|28976.46
3|8/26/2020|Big Company|6252|10574.34
4|8/26/2020|Green Company|8096|179333.13
5|8/26/2020|Huge Company|4417|27755.98
1|8/25/2020|Some Company LTD|6542|35326.55
2|8/25/2020|Fake Company LTD|7504|54961.33
3|8/25/2020|Big Company|7290|154120.4
4|8/25/2020|Green Company|884|206819.03
5|8/25/2020|Huge Company|6128|57769.98
1|8/24/2020|Some Company LTD|7013|102327.33
2|8/24/2020|Fake Company LTD|5914|171334.31
3|8/24/2020|Big Company|7164|115380.1
4|8/24/2020|Green Company|743|58388.19
5|8/24/2020|Huge Company|8933|160650.64
1|8/21/2020|Some Company LTD|6865|147585.2
2|8/21/2020|Fake Company LTD|4|122005.27
3|8/21/2020|Big Company|3548|143656.82
4|8/21/2020|Green Company|6490|177543.11
5|8/21/2020|Huge Company|1019|93118.78
1|8/20/2020|Some Company LTD|1381|80413.64
2|8/20/2020|Fake Company LTD|1853|192479.5
3|8/20/2020|Big Company|7203|203182.67
4|8/20/2020|Green Company|7637|179940.48
5|8/20/2020|Huge Company|4392|63523.85
1|8/19/2020|Some Company LTD|1205|169028.71
2|8/19/2020|Fake Company LTD|536|184613.41
3|8/19/2020|Big Company|3076|75719.17
4|8/19/2020|Green Company|7935|119548.6
5|8/19/2020|Huge Company|5590|8509.22
1|8/18/2020|Some Company LTD|9081|209350.93
2|8/18/2020|Fake Company LTD|3786|144049.88
3|8/18/2020|Big Company|182|12375.41
4|8/18/2020|Green Company|3854|92835.43
5|8/18/2020|Huge Company|5574|185331.98
1|8/17/2020|Some Company LTD|6343|58493.79
2|8/17/2020|Fake Company LTD|3146|44103.1
3|8/17/2020|Big Company|6820|74078.29
4|8/17/2020|Green Company|3573|144513.16
5|8/17/2020|Huge Company|9046|213070.29
1|8/14/2020|Some Company LTD|1567|188212.56
2|8/14/2020|Fake Company LTD|2697|34809.83
3|8/14/2020|Big Company|6855|47680.1
4|8/14/2020|Green Company|9857|189020.38
5|8/14/2020|Huge Company|2559|90423.65
1|8/13/2020|Some Company LTD|704|158860.41
2|8/13/2020|Fake Company LTD|9244|106216.11
3|8/13/2020|Big Company|2495|94630.54
4|8/13/2020|Green Company|3853|186618.69
5|8/13/2020|Huge Company|6706|30473.7
1|8/12/2020|Some Company LTD|250|72052.19
2|8/12/2020|Fake Company LTD|1517|178063.29
3|8/12/2020|Big Company|2166|20306.06
4|8/12/2020|Green Company|8211|26151.41
5|8/12/2020|Huge Company|4363|143919.96
1|8/11/2020|Some Company LTD|3095|122868.34
2|8/11/2020|Fake Company LTD|7739|103243.44
3|8/11/2020|Big Company|3025|160702.8
4|8/11/2020|Green Company|1009|22399.92
5|8/11/2020|Huge Company|5984|151924.66
1|8/10/2020|Some Company LTD|8308|205892.57
2|8/10/2020|Fake Company LTD|2677|187687.14
3|8/10/2020|Big Company|4356|15357.71
4|8/10/2020|Green Company|7564|116977.63
5|8/10/2020|Huge Company|9272|197459.68
1|8/7/2020|Some Company LTD|1299|97329.87
2|8/7/2020|Fake Company LTD|6378|160667.25
3|8/7/2020|Big Company|2876|23336.97
4|8/7/2020|Green Company|239|42645.61
5|8/7/2020|Huge Company|7226|17343.61
1|8/6/2020|Some Company LTD|8036|95199.4
2|8/6/2020|Fake Company LTD|3938|17338.46
3|8/6/2020|Big Company|6982|106266.73
4|8/6/2020|Green Company|4571|140638.58
5|8/6/2020|Huge Company|9644|2691.63
1|8/5/2020|Some Company LTD|543|141978.96
2|8/5/2020|Fake Company LTD|7095|11426.13
3|8/5/2020|Big Company|675|206013.41
4|8/5/2020|Green Company|5086|210767.76
5|8/5/2020|Huge Company|3262|96568.8
1|8/4/2020|Some Company LTD|3587|131896.68
2|8/4/2020|Fake Company LTD|7427|117836.28
3|8/4/2020|Big Company|9624|105893.99
4|8/4/2020|Green Company|8270|190161.91
5|8/4/2020|Huge Company|912|147263.96
1|8/3/2020|Some Company LTD|1370|166803.98
2|8/3/2020|Fake Company LTD|3280|121167.27
3|8/3/2020|Big Company|6020|81593.22
4|8/3/2020|Green Company|8487|90193.63
5|8/3/2020|Huge Company|9432|695.73
1|7/31/2020|Some Company LTD|2568|16480.7
2|7/31/2020|Fake Company LTD|7161|13173.44
3|7/31/2020|Big Company|2147|7823.84
4|7/31/2020|Green Company|9788|140092.15
5|7/31/2020|Huge Company|68|181295.74
1|7/30/2020|Some Company LTD|5764|197843.65
2|7/30/2020|Fake Company LTD|579|79473.71
3|7/30/2020|Big Company|6872|8501.24
4|7/30/2020|Green Company|9068|170922.75
5|7/30/2020|Huge Company|8767|42253.61
1|7/29/2020|Some Company LTD|2068|168239.43
2|7/29/2020|Fake Company LTD|2433|141485.33
3|7/29/2020|Big Company|7190|103252.49
4|7/29/2020|Green Company|9968|56180.41
5|7/29/2020|Huge Company|9750|211533.22
1|7/28/2020|Some Company LTD|8504|162671.82
2|7/28/2020|Fake Company LTD|2570|165995.46
3|7/28/2020|Big Company|9768|53393.62
4|7/28/2020|Green Company|4686|212696.77
5|7/28/2020|Huge Company|4177|42876.55
1|7/27/2020|Some Company LTD|8955|158363.54
2|7/27/2020|Fake Company LTD|1404|57323.46
3|7/27/2020|Big Company|4963|203699.45
4|7/27/2020|Green Company|4938|189692.46
5|7/27/2020|Huge Company|6206|192319.24
1|7/24/2020|Some Company LTD|2942|49059.48
2|7/24/2020|Fake Company LTD|439|122526.59
3|7/24/2020|Big Company|1749|63456.95
4|7/24/2020|Green Company|7231|201908.93
5|7/24/2020|Huge Company|575|26493.18
1|7/23/2020|Some Company LTD|4838|57658.84
2|7/23/2020|Fake Company LTD|7046|24457
3|7/23/2020|Big Company|4578|126210.99
4|7/23/2020|Green Company|5928|37599.86
5|7/23/2020|Huge Company|1365|59388.57
1|7/22/2020|Some Company LTD|7666|146965.62
2|7/22/2020|Fake Company LTD|116|59057.28
3|7/22/2020|Big Company|5915|62756.85
4|7/22/2020|Green Company|1898|54446.25
5|7/22/2020|Huge Company|1320|201928.63
1|7/21/2020|Some Company LTD|1559|121999.68
2|7/21/2020|Fake Company LTD|8575|76645.83
3|7/21/2020|Big Company|8120|173508.85
4|7/21/2020|Green Company|8219|102794.8
5|7/21/2020|Huge Company|4767|99404.54
1|7/20/2020|Some Company LTD|3906|190813.19
2|7/20/2020|Fake Company LTD|1990|96604.58
3|7/20/2020|Big Company|3939|214642.73
4|7/20/2020|Green Company|1429|24455.59
5|7/20/2020|Huge Company|6645|86893.88
1|7/17/2020|Some Company LTD|7225|82454.95
2|7/17/2020|Fake Company LTD|138|74005.53
3|7/17/2020|Big Company|3097|54335.21
4|7/17/2020|Green Company|3989|180551.92
5|7/17/2020|Huge Company|761|63660.85
1|7/16/2020|Some Company LTD|5407|136820.34
2|7/16/2020|Fake Company LTD|2746|199996.65
3|7/16/2020|Big Company|7225|178677.21
4|7/16/2020|Green Company|5776|199245.51
5|7/16/2020|Huge Company|5241|153543.44
1|7/15/2020|Some Company LTD|8319|128240.36
2|7/15/2020|Fake Company LTD|3349|63708.03
3|7/15/2020|Big Company|3988|141763.05
4|7/15/2020|Green Company|1365|135899.08
5|7/15/2020|Huge Company|8406|19672.46
1|7/14/2020|Some Company LTD|5444|93509.78
2|7/14/2020|Fake Company LTD|5019|78767.61
3|7/14/2020|Big Company|8898|138137.85
4|7/14/2020|Green Company|2949|190403.81
5|7/14/2020|Huge Company|5989|126495.76
1|7/13/2020|Some Company LTD|3026|212157.54
2|7/13/2020|Fake Company LTD|1875|190085.36
3|7/13/2020|Big Company|4793|66494.53
4|7/13/2020|Green Company|5032|4043.87
5|7/13/2020|Huge Company|5266|187585.1
1|7/10/2020|Some Company LTD|9344|45613.7
2|7/10/2020|Fake Company LTD|765|86510.31
3|7/10/2020|Big Company|4546|143881.28
4|7/10/2020|Green Company|3954|80999.81
5|7/10/2020|Huge Company|9110|90486.11
1|7/9/2020|Some Company LTD|4742|160165.71
2|7/9/2020|Fake Company LTD|9563|162853.37
3|7/9/2020|Big Company|9643|93237.52
4|7/9/2020|Green Company|9069|145401.23
5|7/9/2020|Huge Company|4207|50657.37
1|7/8/2020|Some Company LTD|3970|196023.33
2|7/8/2020|Fake Company LTD|2181|30515.45
3|7/8/2020|Big Company|2587|43783.32
4|7/8/2020|Green Company|9680|172036.58
5|7/8/2020|Huge Company|7846|67745.88
1|7/7/2020|Some Company LTD|9364|63703.57
2|7/7/2020|Fake Company LTD|8206|190990.7
3|7/7/2020|Big Company|1496|168705.26
4|7/7/2020|Green Company|1366|129440.61
5|7/7/2020|Huge Company|8911|61810.71
1|7/6/2020|Some Company LTD|7248|28380.66
2|7/6/2020|Fake Company LTD|4690|59322.14
3|7/6/2020|Big Company|5205|148351.71
4|7/6/2020|Green Company|4002|130319.31
5|7/6/2020|Huge Company|5183|56656.42
1|7/2/2020|Some Company LTD|2444|118289.63
2|7/2/2020|Fake Company LTD|8136|89079.29
3|7/2/2020|Big Company|9908|41853.28
4|7/2/2020|Green Company|235|103857.15
5|7/2/2020|Huge Company|6864|28415.85
1|7/1/2020|Some Company LTD|3993|8129.32
2|7/1/2020|Fake Company LTD|5495|86275.07
3|7/1/2020|Big Company|9046|9256.4
4|7/1/2020|Green Company|4847|58726.72
5|7/1/2020|Huge Company|4620|49548.73
1|6/30/2020|Some Company LTD|9112|4267.35
2|6/30/2020|Fake Company LTD|1861|207117.5
3|6/30/2020|Big Company|8113|96264.55
4|6/30/2020|Green Company|4861|49598.13
5|6/30/2020|Huge Company|5747|158972.89
1|6/29/2020|Some Company LTD|6029|185949.4
2|6/29/2020|Fake Company LTD|5323|32410.94
3|6/29/2020|Big Company|5736|89745.55
4|6/29/2020|Green Company|3981|34945.36
5|6/29/2020|Huge Company|6677|197863.85
1|6/26/2020|Some Company LTD|238|71463.56
2|6/26/2020|Fake Company LTD|8005|209757.59
3|6/26/2020|Big Company|7996|10031.25
4|6/26/2020|Green Company|8970|202234.78
5|6/26/2020|Huge Company|5862|169045.66
1|6/25/2020|Some Company LTD|3205|171607.35
2|6/25/2020|Fake Company LTD|3116|164074.23
3|6/25/2020|Big Company|5722|82813.69
4|6/25/2020|Green Company|8407|165999.02
5|6/25/2020|Huge Company|8066|89534.71
1|6/24/2020|Some Company LTD|2185|205352.76
2|6/24/2020|Fake Company LTD|1523|84081.23
3|6/24/2020|Big Company|2482|26150.25
4|6/24/2020|Green Company|3360|121549.29
5|6/24/2020|Huge Company|5182|161594.15
1|6/23/2020|Some Company LTD|3618|214533.85
2|6/23/2020|Fake Company LTD|1534|62787.05
3|6/23/2020|Big Company|6953|202533.62
4|6/23/2020|Green Company|3219|155451.65
5|6/23/2020|Huge Company|7981|173915.76
1|6/22/2020|Some Company LTD|5867|45610.75
2|6/22/2020|Fake Company LTD|4471|156970.13
3|6/22/2020|Big Company|735|155095.71
4|6/22/2020|Green Company|8686|162885.7
5|6/22/2020|Huge Company|9348|18035.3
1|6/19/2020|Some Company LTD|1086|140288.27
2|6/19/2020|Fake Company LTD|7084|154526.95
3|6/19/2020|Big Company|9232|33687.3
4|6/19/2020|Green Company|1924|145755.98
5|6/19/2020|Huge Company|4443|64652.35
1|6/18/2020|Some Company LTD|7474|169260.94
2|6/18/2020|Fake Company LTD|3463|67629.65
3|6/18/2020|Big Company|1706|45701.85
4|6/18/2020|Green Company|2978|119746.52
5|6/18/2020|Huge Company|8577|170122.82
1|6/17/2020|Some Company LTD|2543|139529.55
2|6/17/2020|Fake Company LTD|2360|88556.62
3|6/17/2020|Big Company|5962|26028.28
4|6/17/2020|Green Company|9966|212387.98
5|6/17/2020|Huge Company|1853|162437.76
1|6/16/2020|Some Company LTD|4565|89006.23
2|6/16/2020|Fake Company LTD|1558|166213.9
3|6/16/2020|Big Company|3093|174430.28
4|6/16/2020|Green Company|4954|84288.44
5|6/16/2020|Huge Company|8659|104756.74
1|6/15/2020|Some Company LTD|1456|33987.91
2|6/15/2020|Fake Company LTD|4259|137027.57
3|6/15/2020|Big Company|5480|192275.03
4|6/15/2020|Green Company|3888|125770.64
5|6/15/2020|Huge Company|9262|35560.14
1|6/12/2020|Some Company LTD|5629|161582.88
2|6/12/2020|Fake Company LTD|6497|72396.56
3|6/12/2020|Big Company|833|25741.07
4|6/12/2020|Green Company|3370|149737
5|6/12/2020|Huge Company|5331|96380.02
1|6/11/2020|Some Company LTD|9708|70032.09
2|6/11/2020|Fake Company LTD|5061|53452.16
3|6/11/2020|Big Company|7710|107404.34
4|6/11/2020|Green Company|6709|112030.4
5|6/11/2020|Huge Company|5491|131934.3
1|6/10/2020|Some Company LTD|5302|140860.94
2|6/10/2020|Fake Company LTD|6587|189487.74
3|6/10/2020|Big Company|6501|72909.03
4|6/10/2020|Green Company|960|211041
5|6/10/2020|Huge Company|6081|78252.54
1|6/9/2020|Some Company LTD|1213|181511.35
2|6/9/2020|Fake Company LTD|7577|175214.33
3|6/9/2020|Big Company|2291|48827.69
4|6/9/2020|Green Company|7944|37072.47
5|6/9/2020|Huge Company|6774|145337.25
1|6/8/2020|Some Company LTD|8984|150600.97
2|6/8/2020|Fake Company LTD|3232|136459.59
3|6/8/2020|Big Company|1961|177776.27
4|6/8/2020|Green Company|6680|151274.69
5|6/8/2020|Huge Company|7625|22102.7
1|6/5/2020|Some Company LTD|3342|104767.18
2|6/5/2020|Fake Company LTD|9236|70043.51
3|6/5/2020|Big Company|7074|143695.74
4|6/5/2020|Green Company|1732|38946.25
5|6/5/2020|Huge Company|1119|103709.15
1|6/4/2020|Some Company LTD|8336|7191.64
2|6/4/2020|Fake Company LTD|3989|139265.65
3|6/4/2020|Big Company|1997|83881.62
4|6/4/2020|Green Company|2547|29539.17
5|6/4/2020|Huge Company|9112|144494.46
1|6/3/2020|Some Company LTD|9616|120041.26
2|6/3/2020|Fake Company LTD|796|109010.78
3|6/3/2020|Big Company|8117|131037.84
4|6/3/2020|Green Company|3905|92778.14
5|6/3/2020|Huge Company|9683|166621.86
1|6/2/2020|Some Company LTD|8343|85347.42
2|6/2/2020|Fake Company LTD|6631|103200.32
3|6/2/2020|Big Company|8470|204354.2
4|6/2/2020|Green Company|8290|118235.85
5|6/2/2020|Huge Company|9950|73604.21
1|6/1/2020|Some Company LTD|154|41161.32
2|6/1/2020|Fake Company LTD|8745|10351.95
3|6/1/2020|Big Company|2547|39093.18
4|6/1/2020|Green Company|9342|106246.45
5|6/1/2020|Huge Company|8073|135157.23
1|5/29/2020|Some Company LTD|8671|75574.12
2|5/29/2020|Fake Company LTD|5951|175636.9
3|5/29/2020|Big Company|2257|175136.49
4|5/29/2020|Green Company|7332|20454.13
5|5/29/2020|Huge Company|9306|142209.8
1|5/28/2020|Some Company LTD|337|124517.19
2|5/28/2020|Fake Company LTD|9189|14036.87
3|5/28/2020|Big Company|7337|86388.12
4|5/28/2020|Green Company|769|71490.18
5|5/28/2020|Huge Company|6604|154681.58
1|5/27/2020|Some Company LTD|7617|37753.02
2|5/27/2020|Fake Company LTD|1311|5108.39
3|5/27/2020|Big Company|3754|153990.43
4|5/27/2020|Green Company|8263|123606.91
5|5/27/2020|Huge Company|7859|174735.99
1|5/26/2020|Some Company LTD|6009|32618.77
2|5/26/2020|Fake Company LTD|3340|69739.2
3|5/26/2020|Big Company|2646|163093.12
4|5/26/2020|Green Company|6378|174266.2
5|5/26/2020|Huge Company|2898|131155.05
1|5/22/2020|Some Company LTD|2552|88591.47
2|5/22/2020|Fake Company LTD|5723|190484.77
3|5/22/2020|Big Company|3474|26281.33
4|5/22/2020|Green Company|430|148788.54
5|5/22/2020|Huge Company|8849|32741.83
1|5/21/2020|Some Company LTD|8259|171514.61
2|5/21/2020|Fake Company LTD|6225|26031.84
3|5/21/2020|Big Company|4147|45969.81
4|5/21/2020|Green Company|1701|112376.3
5|5/21/2020|Huge Company|8342|76588.28
1|5/20/2020|Some Company LTD|7081|205282.79
2|5/20/2020|Fake Company LTD|9324|143242.08
3|5/20/2020|Big Company|7091|125725.35
4|5/20/2020|Green Company|243|155366.15
5|5/20/2020|Huge Company|5548|84952.77
1|5/19/2020|Some Company LTD|3337|95778.31
2|5/19/2020|Fake Company LTD|4869|14089.57
3|5/19/2020|Big Company|9238|182247.16
4|5/19/2020|Green Company|8166|142115.23
5|5/19/2020|Huge Company|4657|66376.04
1|5/18/2020|Some Company LTD|2018|183052.14
2|5/18/2020|Fake Company LTD|2620|195710.81
3|5/18/2020|Big Company|6032|149591.44
4|5/18/2020|Green Company|3096|131195.97
5|5/18/2020|Huge Company|7320|139222.99
1|5/15/2020|Some Company LTD|557|84803.29
2|5/15/2020|Fake Company LTD|5318|127703.73
3|5/15/2020|Big Company|7319|182007.8
4|5/15/2020|Green Company|699|47965.89
5|5/15/2020|Huge Company|7578|186535.63
1|5/14/2020|Some Company LTD|9866|149132.32
2|5/14/2020|Fake Company LTD|496|198277.61
3|5/14/2020|Big Company|6125|81690.09
4|5/14/2020|Green Company|6181|113908.67
5|5/14/2020|Huge Company|1092|150764.87
1|5/13/2020|Some Company LTD|1984|167344.92
2|5/13/2020|Fake Company LTD|5936|198929.12
3|5/13/2020|Big Company|9221|22617.05
4|5/13/2020|Green Company|1004|149069.19
5|5/13/2020|Huge Company|5310|46452.01
1|5/12/2020|Some Company LTD|3555|150902.34
2|5/12/2020|Fake Company LTD|5372|104832.69
3|5/12/2020|Big Company|1758|180524.61
4|5/12/2020|Green Company|9746|195986.55
5|5/12/2020|Huge Company|3614|132992.14
1|5/11/2020|Some Company LTD|4222|114196.49
2|5/11/2020|Fake Company LTD|4890|197308.42
3|5/11/2020|Big Company|413|87921.07
4|5/11/2020|Green Company|9496|5454.01
5|5/11/2020|Huge Company|3306|161217.73
1|5/8/2020|Some Company LTD|5299|208924.23
2|5/8/2020|Fake Company LTD|3527|7281.01
3|5/8/2020|Big Company|9762|186181.06
4|5/8/2020|Green Company|6874|129485.43
5|5/8/2020|Huge Company|9827|139516.12
1|5/7/2020|Some Company LTD|5930|165914.2
2|5/7/2020|Fake Company LTD|9920|211695.1
3|5/7/2020|Big Company|5861|161029.17
4|5/7/2020|Green Company|5823|38757.52
5|5/7/2020|Huge Company|3742|86475.88
1|5/6/2020|Some Company LTD|9244|212762.65
2|5/6/2020|Fake Company LTD|7633|74151.53
3|5/6/2020|Big Company|5479|142534.12
4|5/6/2020|Green Company|8009|11407.25
5|5/6/2020|Huge Company|5031|13420.99
1|5/5/2020|Some Company LTD|1101|100161.05
2|5/5/2020|Fake Company LTD|421|71280.58
3|5/5/2020|Big Company|7883|136988.99
4|5/5/2020|Green Company|7924|167382.03
5|5/5/2020|Huge Company|5365|155026.46
1|5/4/2020|Some Company LTD|5314|205015.99
2|5/4/2020|Fake Company LTD|7337|154453.15
3|5/4/2020|Big Company|845|37335.3
4|5/4/2020|Green Company|508|89043.07
5|5/4/2020|Huge Company|4257|175329.15
1|5/1/2020|Some Company LTD|6009|161362.55
2|5/1/2020|Fake Company LTD|3890|62103.46
3|5/1/2020|Big Company|632|62162.45
4|5/1/2020|Green Company|5010|119599.9
5|5/1/2020|Huge Company|8237|18263.61
1|4/30/2020|Some Company LTD|5192|156806.51
2|4/30/2020|Fake Company LTD|9117|54234.55
3|4/30/2020|Big Company|8534|125655.47
4|4/30/2020|Green Company|6252|144545.42
5|4/30/2020|Huge Company|7788|118798.57
1|4/29/2020|Some Company LTD|9805|45395.85
2|4/29/2020|Fake Company LTD|4667|100364.81
3|4/29/2020|Big Company|8527|171148.5
4|4/29/2020|Green Company|8569|182213.01
5|4/29/2020|Huge Company|5143|147693.29
1|4/28/2020|Some Company LTD|7070|104662.13
2|4/28/2020|Fake Company LTD|6091|170515.54
3|4/28/2020|Big Company|6928|92281.48
4|4/28/2020|Green Company|2694|63688.81
5|4/28/2020|Huge Company|7932|202530.68
1|4/27/2020|Some Company LTD|4369|73275.47
2|4/27/2020|Fake Company LTD|5091|66147.14
3|4/27/2020|Big Company|1153|96867.8
4|4/27/2020|Green Company|5213|190224.39
5|4/27/2020|Huge Company|9275|26677.84
1|4/24/2020|Some Company LTD|9059|144534.12
2|4/24/2020|Fake Company LTD|2351|119994.01
3|4/24/2020|Big Company|2072|168277.54
4|4/24/2020|Green Company|8364|97912.35
5|4/24/2020|Huge Company|7485|184359.56
1|4/23/2020|Some Company LTD|8930|129292.85
2|4/23/2020|Fake Company LTD|5361|185677.41
3|4/23/2020|Big Company|2350|174519.24
4|4/23/2020|Green Company|7552|84199.65
5|4/23/2020|Huge Company|9070|14311.15
1|4/22/2020|Some Company LTD|6698|5301.19
2|4/22/2020|Fake Company LTD|6225|196593.03
3|4/22/2020|Big Company|7615|184193.13
4|4/22/2020|Green Company|7160|31830.1
5|4/22/2020|Huge Company|7098|64241.97
1|4/21/2020|Some Company LTD|2193|206734.42
2|4/21/2020|Fake Company LTD|7506|106727.78
3|4/21/2020|Big Company|6224|123956.94
4|4/21/2020|Green Company|9537|22168.08
5|4/21/2020|Huge Company|2240|36861.81
1|4/20/2020|Some Company LTD|5906|90606.59
2|4/20/2020|Fake Company LTD|3469|31377.31
3|4/20/2020|Big Company|3961|58905.35
4|4/20/2020|Green Company|1452|175608.41
5|4/20/2020|Huge Company|9076|172101.99
1|4/17/2020|Some Company LTD|1932|32462.64
2|4/17/2020|Fake Company LTD|1109|175878.17
3|4/17/2020|Big Company|5075|117377.47
4|4/17/2020|Green Company|6626|25408.34
5|4/17/2020|Huge Company|3690|30187.7
1|4/16/2020|Some Company LTD|9241|103679.19
2|4/16/2020|Fake Company LTD|7299|81905.27
3|4/16/2020|Big Company|7052|136979.87
4|4/16/2020|Green Company|6330|188976.3
5|4/16/2020|Huge Company|1241|198809.99
1|4/15/2020|Some Company LTD|6330|187953.23
2|4/15/2020|Fake Company LTD|9991|139115.82
3|4/15/2020|Big Company|1431|94375.02
4|4/15/2020|Green Company|3269|173696.47
5|4/15/2020|Huge Company|4414|134680.6
1|4/14/2020|Some Company LTD|6121|970.56
2|4/14/2020|Fake Company LTD|7549|123311.12
3|4/14/2020|Big Company|1424|54635.72
4|4/14/2020|Green Company|2247|8076.45
5|4/14/2020|Huge Company|9421|168287.75
1|4/13/2020|Some Company LTD|6424|124166.3
2|4/13/2020|Fake Company LTD|3786|127010.72
3|4/13/2020|Big Company|2868|108070.05
4|4/13/2020|Green Company|6339|71807.85
5|4/13/2020|Huge Company|7427|44458.62
1|4/9/2020|Some Company LTD|392|106772.53
2|4/9/2020|Fake Company LTD|7689|4968.68
3|4/9/2020|Big Company|6598|3701.17
4|4/9/2020|Green Company|4787|186832.63
5|4/9/2020|Huge Company|6774|101332.93
1|4/8/2020|Some Company LTD|5455|210035.9
2|4/8/2020|Fake Company LTD|5880|68509.68
3|4/8/2020|Big Company|6306|96045.97
4|4/8/2020|Green Company|3923|17821.28
5|4/8/2020|Huge Company|7096|115452.88
1|4/7/2020|Some Company LTD|8798|165953.21
2|4/7/2020|Fake Company LTD|610|23677.6
3|4/7/2020|Big Company|5278|113472.34
4|4/7/2020|Green Company|6261|195485.97
5|4/7/2020|Huge Company|7982|157254.02
1|4/6/2020|Some Company LTD|7755|165255.74
2|4/6/2020|Fake Company LTD|3537|54665.6
3|4/6/2020|Big Company|6358|137018.68
4|4/6/2020|Green Company|9406|89357.86
5|4/6/2020|Huge Company|4233|137640.05
1|4/3/2020|Some Company LTD|8775|141959.06
2|4/3/2020|Fake Company LTD|7387|33287.32
3|4/3/2020|Big Company|1115|26010.37
4|4/3/2020|Green Company|1651|154029.09
5|4/3/2020|Huge Company|7381|23841.39
1|4/2/2020|Some Company LTD|5662|40802.05
2|4/2/2020|Fake Company LTD|9192|84253.18
3|4/2/2020|Big Company|7605|51704.26
4|4/2/2020|Green Company|6600|51776.68
5|4/2/2020|Huge Company|9134|195412.07
1|4/1/2020|Some Company LTD|4408|151381.3
2|4/1/2020|Fake Company LTD|4627|54105.56
3|4/1/2020|Big Company|94|124572.68
4|4/1/2020|Green Company|9313|193887.72
5|4/1/2020|Huge Company|3714|174292.17
1|3/31/2020|Some Company LTD|1622|110490.72
2|3/31/2020|Fake Company LTD|938|148811.2
3|3/31/2020|Big Company|2223|29320.15
4|3/31/2020|Green Company|5695|207845.87
5|3/31/2020|Huge Company|8877|115056.85
1|3/30/2020|Some Company LTD|5793|196535.97
2|3/30/2020|Fake Company LTD|8803|102271.07
3|3/30/2020|Big Company|1476|19009.88
4|3/30/2020|Green Company|1950|68683.28
5|3/30/2020|Huge Company|1943|260.27
1|3/27/2020|Some Company LTD|5147|154179.58
2|3/27/2020|Fake Company LTD|4674|87976.31
3|3/27/2020|Big Company|7147|194366.19
4|3/27/2020|Green Company|9982|105325.49
5|3/27/2020|Huge Company|9396|56583.29
1|3/26/2020|Some Company LTD|4413|110982.59
2|3/26/2020|Fake Company LTD|6565|20535.26
3|3/26/2020|Big Company|8287|190523.75
4|3/26/2020|Green Company|1151|180002.69
5|3/26/2020|Huge Company|8444|71386.29
1|3/25/2020|Some Company LTD|2532|61043.44
2|3/25/2020|Fake Company LTD|3451|179149.38
3|3/25/2020|Big Company|5074|14888.43
4|3/25/2020|Green Company|8544|101046.2
5|3/25/2020|Huge Company|4542|87378.85
1|3/24/2020|Some Company LTD|3500|167805.87
2|3/24/2020|Fake Company LTD|507|29036.18
3|3/24/2020|Big Company|1691|62668.04
4|3/24/2020|Green Company|8763|57961.23
5|3/24/2020|Huge Company|3236|144650.51
1|3/23/2020|Some Company LTD|7814|138129.52
2|3/23/2020|Fake Company LTD|2333|47571.05
3|3/23/2020|Big Company|1737|161943.55
4|3/23/2020|Green Company|536|183719.63
5|3/23/2020|Huge Company|8953|146687.54
1|3/20/2020|Some Company LTD|7304|194339.89
2|3/20/2020|Fake Company LTD|7397|96482.3
3|3/20/2020|Big Company|2517|74528.48
4|3/20/2020|Green Company|7716|29431.66
5|3/20/2020|Huge Company|6458|123142.32
1|3/19/2020|Some Company LTD|8081|101892.89
2|3/19/2020|Fake Company LTD|3122|123728.85
3|3/19/2020|Big Company|2775|185953.74
4|3/19/2020|Green Company|6576|49517.69
5|3/19/2020|Huge Company|317|153967.34
1|3/18/2020|Some Company LTD|8832|198448.08
2|3/18/2020|Fake Company LTD|2629|88199.07
3|3/18/2020|Big Company|8487|67974.78
4|3/18/2020|Green Company|3068|163854.12
5|3/18/2020|Huge Company|2247|88998.38
1|3/17/2020|Some Company LTD|5812|1205.75
2|3/17/2020|Fake Company LTD|6604|177469.27
3|3/17/2020|Big Company|940|47827.83
4|3/17/2020|Green Company|2863|178669.89
5|3/17/2020|Huge Company|6534|132954.05
1|3/16/2020|Some Company LTD|1295|102810.66
2|3/16/2020|Fake Company LTD|8076|76085.27
3|3/16/2020|Big Company|8616|124229.91
4|3/16/2020|Green Company|2241|93980.92
5|3/16/2020|Huge Company|9836|186060.34
1|3/13/2020|Some Company LTD|24|189413.69
2|3/13/2020|Fake Company LTD|6911|64458.05
3|3/13/2020|Big Company|8296|43723.78
4|3/13/2020|Green Company|9840|54557.65
5|3/13/2020|Huge Company|5942|146544.85
1|3/12/2020|Some Company LTD|4959|115619.78
2|3/12/2020|Fake Company LTD|1301|125060.02
3|3/12/2020|Big Company|7603|175788.31
4|3/12/2020|Green Company|2844|38190.72
5|3/12/2020|Huge Company|3810|156204.22
1|3/11/2020|Some Company LTD|4371|117386.1
2|3/11/2020|Fake Company LTD|8016|155858.6
3|3/11/2020|Big Company|1972|98198.57
4|3/11/2020|Green Company|7319|119032.7
5|3/11/2020|Huge Company|5749|190475.73
1|3/10/2020|Some Company LTD|3886|68514.35
2|3/10/2020|Fake Company LTD|9374|94872.22
3|3/10/2020|Big Company|1259|91895
4|3/10/2020|Green Company|3437|90448.12
5|3/10/2020|Huge Company|5313|180956.36
1|3/9/2020|Some Company LTD|3444|59522.33
2|3/9/2020|Fake Company LTD|596|60222.43
3|3/9/2020|Big Company|4422|174551.01
4|3/9/2020|Green Company|6717|159054.33
5|3/9/2020|Huge Company|3878|137212.97
1|3/6/2020|Some Company LTD|4413|204815.8
2|3/6/2020|Fake Company LTD|6425|163370.06
3|3/6/2020|Big Company|3030|160694.91
4|3/6/2020|Green Company|2846|155190.54
5|3/6/2020|Huge Company|5052|91610.73
1|3/5/2020|Some Company LTD|9505|119062.58
2|3/5/2020|Fake Company LTD|8539|139694.46
3|3/5/2020|Big Company|5280|138608.33
4|3/5/2020|Green Company|1823|127069.44
5|3/5/2020|Huge Company|4954|211062.64
1|3/4/2020|Some Company LTD|6927|27545.49
2|3/4/2020|Fake Company LTD|3385|170301.91
3|3/4/2020|Big Company|5019|77296.43
4|3/4/2020|Green Company|5283|36664.21
5|3/4/2020|Huge Company|6349|29923.19
1|3/3/2020|Some Company LTD|4980|167783.79
2|3/3/2020|Fake Company LTD|1247|65888.13
3|3/3/2020|Big Company|2277|199905.17
4|3/3/2020|Green Company|5288|105206.8
5|3/3/2020|Huge Company|2271|105053.34
1|3/2/2020|Some Company LTD|2779|158892.53
2|3/2/2020|Fake Company LTD|8907|189624.74
3|3/2/2020|Big Company|863|41675.72
4|3/2/2020|Green Company|2857|89526.83
5|3/2/2020|Huge Company|5988|168283.39
1|2/28/2020|Some Company LTD|4103|107305.21
2|2/28/2020|Fake Company LTD|4328|83224.64
3|2/28/2020|Big Company|5994|104434.91
4|2/28/2020|Green Company|7762|188902.55
5|2/28/2020|Huge Company|3038|150210.98
1|2/27/2020|Some Company LTD|165|115496.67
2|2/27/2020|Fake Company LTD|9979|113454.81
3|2/27/2020|Big Company|1455|141728.76
4|2/27/2020|Green Company|4947|133692.63
5|2/27/2020|Huge Company|8552|179145.61
1|2/26/2020|Some Company LTD|9062|33058.75
2|2/26/2020|Fake Company LTD|4779|100379.2
3|2/26/2020|Big Company|5863|139696.4
4|2/26/2020|Green Company|5931|124239.23
5|2/26/2020|Huge Company|5668|196970.38
1|2/25/2020|Some Company LTD|5904|60557.53
2|2/25/2020|Fake Company LTD|2922|57763.93
3|2/25/2020|Big Company|8420|171844.01
4|2/25/2020|Green Company|8079|5323.13
5|2/25/2020|Huge Company|460|147897.1
1|2/24/2020|Some Company LTD|822|206204.79
2|2/24/2020|Fake Company LTD|4332|162667.55
3|2/24/2020|Big Company|1120|10065.02
4|2/24/2020|Green Company|3761|163752.28
5|2/24/2020|Huge Company|6760|202620.64
1|2/21/2020|Some Company LTD|5410|33410.5
2|2/21/2020|Fake Company LTD|2736|145646.86
3|2/21/2020|Big Company|4257|36470.43
4|2/21/2020|Green Company|7445|10088.93
5|2/21/2020|Huge Company|3735|89571.02
1|2/20/2020|Some Company LTD|3896|63117.26
2|2/20/2020|Fake Company LTD|8055|174390.64
3|2/20/2020|Big Company|6335|12160.47
4|2/20/2020|Green Company|7240|162884.73
5|2/20/2020|Huge Company|2419|206084.16
1|2/19/2020|Some Company LTD|1048|214432.54
2|2/19/2020|Fake Company LTD|352|168277.97
3|2/19/2020|Big Company|4021|46939.83
4|2/19/2020|Green Company|2030|133209.76
5|2/19/2020|Huge Company|2367|189969.93
1|2/18/2020|Some Company LTD|7134|196358.49
2|2/18/2020|Fake Company LTD|5242|129618.25
3|2/18/2020|Big Company|1136|61396.64
4|2/18/2020|Green Company|9186|64546.64
5|2/18/2020|Huge Company|1534|185193.68
1|2/14/2020|Some Company LTD|8815|18176.96
2|2/14/2020|Fake Company LTD|3359|79507.82
3|2/14/2020|Big Company|4188|33251.58
4|2/14/2020|Green Company|2351|106729.22
5|2/14/2020|Huge Company|4172|774.78
1|2/13/2020|Some Company LTD|9537|9224.51
2|2/13/2020|Fake Company LTD|541|4997.12
3|2/13/2020|Big Company|8838|39559.24
4|2/13/2020|Green Company|4437|35636.98
5|2/13/2020|Huge Company|2633|66198.93
1|2/12/2020|Some Company LTD|7125|176798.48
2|2/12/2020|Fake Company LTD|5897|191677.54
3|2/12/2020|Big Company|89|64399.79
4|2/12/2020|Green Company|1043|109073.32
5|2/12/2020|Huge Company|9379|102814.42
1|2/11/2020|Some Company LTD|6079|191330.97
2|2/11/2020|Fake Company LTD|9088|99345.49
3|2/11/2020|Big Company|5732|63189.54
4|2/11/2020|Green Company|8308|55334.48
5|2/11/2020|Huge Company|440|112579
1|2/10/2020|Some Company LTD|7517|139291.14
2|2/10/2020|Fake Company LTD|4405|162451.48
3|2/10/2020|Big Company|8665|171773.83
4|2/10/2020|Green Company|9465|67830.48
5|2/10/2020|Huge Company|2937|51698.83
1|2/7/2020|Some Company LTD|4458|31654.23
2|2/7/2020|Fake Company LTD|7217|48528.63
3|2/7/2020|Big Company|7568|181553.62
4|2/7/2020|Green Company|5685|87161.45
5|2/7/2020|Huge Company|2145|1608.03
1|2/6/2020|Some Company LTD|4552|2740.73
2|2/6/2020|Fake Company LTD|2971|141442.02
3|2/6/2020|Big Company|6854|128473.13
4|2/6/2020|Green Company|8021|90585.83
5|2/6/2020|Huge Company|6067|199581.01
1|2/5/2020|Some Company LTD|7163|22000.28
2|2/5/2020|Fake Company LTD|979|112404.48
3|2/5/2020|Big Company|6552|83727.24
4|2/5/2020|Green Company|3409|97195.74
5|2/5/2020|Huge Company|6686|109469.48
1|2/4/2020|Some Company LTD|6596|49306.87
2|2/4/2020|Fake Company LTD|9000|117605.05
3|2/4/2020|Big Company|9765|151441.56
4|2/4/2020|Green Company|5506|38663.89
5|2/4/2020|Huge Company|1180|393.02
1|2/3/2020|Some Company LTD|876|213789.4
2|2/3/2020|Fake Company LTD|1196|46887.84
3|2/3/2020|Big Company|3368|199854.67
4|2/3/2020|Green Company|4672|148391.75
5|2/3/2020|Huge Company|3719|200763.71
1|1/31/2020|Some Company LTD|8256|29905.21
2|1/31/2020|Fake Company LTD|7641|126016.87
3|1/31/2020|Big Company|5812|69896.85
4|1/31/2020|Green Company|8226|210484.56
5|1/31/2020|Huge Company|642|157584.62
1|1/30/2020|Some Company LTD|2541|59533.36
2|1/30/2020|Fake Company LTD|4903|63005.28
3|1/30/2020|Big Company|6573|130562.96
4|1/30/2020|Green Company|8264|109218.76
5|1/30/2020|Huge Company|7731|207360.01
1|1/29/2020|Some Company LTD|6926|133841.75
2|1/29/2020|Fake Company LTD|5980|109571.86
3|1/29/2020|Big Company|5267|202649.78
4|1/29/2020|Green Company|9074|168238.79
5|1/29/2020|Huge Company|5575|58915.89
1|1/28/2020|Some Company LTD|3272|5765.8
2|1/28/2020|Fake Company LTD|1915|175719.51
3|1/28/2020|Big Company|7433|189639.17
4|1/28/2020|Green Company|3586|107847.14
5|1/28/2020|Huge Company|119|206943.94
1|1/27/2020|Some Company LTD|4218|66767.43
2|1/27/2020|Fake Company LTD|7457|43427.02
3|1/27/2020|Big Company|6297|37132.97
4|1/27/2020|Green Company|5945|49687.45
5|1/27/2020|Huge Company|3275|175682.97
1|1/24/2020|Some Company LTD|1883|38889.43
2|1/24/2020|Fake Company LTD|7339|132903.75
3|1/24/2020|Big Company|9780|112991.59
4|1/24/2020|Green Company|3726|199073.41
5|1/24/2020|Huge Company|1428|106746.4
1|1/23/2020|Some Company LTD|4299|72117.51
2|1/23/2020|Fake Company LTD|6485|162390.83
3|1/23/2020|Big Company|7280|105673
4|1/23/2020|Green Company|3935|108305.68
5|1/23/2020|Huge Company|8359|97916.28
1|1/22/2020|Some Company LTD|3761|80690.66
2|1/22/2020|Fake Company LTD|8737|212640.73
3|1/22/2020|Big Company|5312|6803.79
4|1/22/2020|Green Company|880|91236.21
5|1/22/2020|Huge Company|7568|184491.11
1|1/21/2020|Some Company LTD|941|41586.45
2|1/21/2020|Fake Company LTD|9488|51117.67
3|1/21/2020|Big Company|4281|172483.29
4|1/21/2020|Green Company|3980|84610.58
5|1/21/2020|Huge Company|8051|12293.5
1|1/17/2020|Some Company LTD|9522|145154.24
2|1/17/2020|Fake Company LTD|612|79755.26
3|1/17/2020|Big Company|1081|62824.45
4|1/17/2020|Green Company|5654|114700.56
5|1/17/2020|Huge Company|3954|32776.46
1|1/16/2020|Some Company LTD|5037|99999.7
2|1/16/2020|Fake Company LTD|591|94290.24
3|1/16/2020|Big Company|6378|214103.16
4|1/16/2020|Green Company|5403|78483.47
5|1/16/2020|Huge Company|2720|185681.73
1|1/15/2020|Some Company LTD|2695|66730.31
2|1/15/2020|Fake Company LTD|7767|120925.82
3|1/15/2020|Big Company|5634|67373.97
4|1/15/2020|Green Company|6324|11052.04
5|1/15/2020|Huge Company|1945|30838.26
1|1/14/2020|Some Company LTD|4828|211494.29
2|1/14/2020|Fake Company LTD|2968|106410.92
3|1/14/2020|Big Company|3752|41980.35
4|1/14/2020|Green Company|1322|148900.79
5|1/14/2020|Huge Company|4813|144336.89
1|1/13/2020|Some Company LTD|112|136432
2|1/13/2020|Fake Company LTD|4193|120357.18
3|1/13/2020|Big Company|7465|207788.29
4|1/13/2020|Green Company|701|99071.42
5|1/13/2020|Huge Company|9216|49111.06
1|1/10/2020|Some Company LTD|3947|141444.43
2|1/10/2020|Fake Company LTD|6764|139983.58
3|1/10/2020|Big Company|6817|2428.07
4|1/10/2020|Green Company|7052|7067.04
5|1/10/2020|Huge Company|2393|211312.85
1|1/9/2020|Some Company LTD|8055|172513.94
2|1/9/2020|Fake Company LTD|3365|95771.23
3|1/9/2020|Big Company|5304|6556.96
4|1/9/2020|Green Company|3655|112839.49
5|1/9/2020|Huge Company|5941|207894.51
1|1/8/2020|Some Company LTD|6202|187082.73
2|1/8/2020|Fake Company LTD|7073|125048.8
3|1/8/2020|Big Company|979|132857.45
4|1/8/2020|Green Company|6107|157026.53
5|1/8/2020|Huge Company|6541|6698.97
1|1/7/2020|Some Company LTD|1147|9128.61
2|1/7/2020|Fake Company LTD|8132|53511.58
3|1/7/2020|Big Company|4639|23417.29
4|1/7/2020|Green Company|3380|68356.37
5|1/7/2020|Huge Company|5706|39653.84
1|1/6/2020|Some Company LTD|2642|96893.47
2|1/6/2020|Fake Company LTD|3847|15341.88
3|1/6/2020|Big Company|9109|214462.83
4|1/6/2020|Green Company|8051|181582.43
5|1/6/2020|Huge Company|4764|134648.76
1|1/3/2020|Some Company LTD|9768|152176.68
2|1/3/2020|Fake Company LTD|8168|183635.09
3|1/3/2020|Big Company|5749|71909.25
4|1/3/2020|Green Company|8769|114631.41
5|1/3/2020|Huge Company|3928|7065.8
1|1/2/2020|Some Company LTD|4875|85258.54
2|1/2/2020|Fake Company LTD|3036|210807.28
3|1/2/2020|Big Company|5803|190711.94
4|1/2/2020|Green Company|9201|71519.57
5|1/2/2020|Huge Company|2673|90660.38
1|12/31/2019|Some Company LTD|6537|153212.26
2|12/31/2019|Fake Company LTD|5450|39088.65
3|12/31/2019|Big Company|3181|35329.78
4|12/31/2019|Green Company|760|62399.1
5|12/31/2019|Huge Company|9143|168960.73
1|12/30/2019|Some Company LTD|7827|157024.94
2|12/30/2019|Fake Company LTD|9937|104680.76
3|12/30/2019|Big Company|3970|59570.66
4|12/30/2019|Green Company|5504|187487.12
5|12/30/2019|Huge Company|6501|61696.83
1|12/27/2019|Some Company LTD|6529|163266.45
2|12/27/2019|Fake Company LTD|2140|5473.47
3|12/27/2019|Big Company|8947|124028.04
4|12/27/2019|Green Company|8339|111613.25
5|12/27/2019|Huge Company|6363|145624.26
1|12/26/2019|Some Company LTD|3006|113345.38
2|12/26/2019|Fake Company LTD|4078|36609.03
3|12/26/2019|Big Company|5668|129141.89
4|12/26/2019|Green Company|881|147975.35
5|12/26/2019|Huge Company|9447|143813.12
1|12/24/2019|Some Company LTD|5974|172617.92
2|12/24/2019|Fake Company LTD|8156|63527.06
3|12/24/2019|Big Company|1902|31358.02
4|12/24/2019|Green Company|5143|79212.28
5|12/24/2019|Huge Company|715|35180.19
1|12/23/2019|Some Company LTD|1621|30245.32
2|12/23/2019|Fake Company LTD|7219|115324.61
3|12/23/2019|Big Company|9542|183307.62
4|12/23/2019|Green Company|8338|205725.75
5|12/23/2019|Huge Company|8568|23741.74
1|12/20/2019|Some Company LTD|5326|93626.87
2|12/20/2019|Fake Company LTD|9467|4190.62
3|12/20/2019|Big Company|5890|209848.38
4|12/20/2019|Green Company|1799|59799.5
5|12/20/2019|Huge Company|7404|135188.6
1|12/19/2019|Some Company LTD|6739|169838.29
2|12/19/2019|Fake Company LTD|7954|185634.09
3|12/19/2019|Big Company|4021|54444.77
4|12/19/2019|Green Company|7058|198769.66
5|12/19/2019|Huge Company|4979|141744.04
1|12/18/2019|Some Company LTD|1196|79603.44
2|12/18/2019|Fake Company LTD|7822|189217.16
3|12/18/2019|Big Company|1186|161405.29
4|12/18/2019|Green Company|4267|8522.01
5|12/18/2019|Huge Company|7210|79533.75
1|12/17/2019|Some Company LTD|493|18487.37
2|12/17/2019|Fake Company LTD|5545|6310.57
3|12/17/2019|Big Company|2679|129706.01
4|12/17/2019|Green Company|5720|10191.71
5|12/17/2019|Huge Company|5377|11856.13
1|12/16/2019|Some Company LTD|6395|112665.91
2|12/16/2019|Fake Company LTD|6444|202945.86
3|12/16/2019|Big Company|5672|51322.16
4|12/16/2019|Green Company|5073|2663.79
5|12/16/2019|Huge Company|4881|73300.53
1|12/13/2019|Some Company LTD|8629|60640.32
2|12/13/2019|Fake Company LTD|7467|185051.05
3|12/13/2019|Big Company|9771|162234.09
4|12/13/2019|Green Company|6639|18523.56
5|12/13/2019|Huge Company|9209|57852.95
1|12/12/2019|Some Company LTD|2604|119812.76
2|12/12/2019|Fake Company LTD|8915|80515.52
3|12/12/2019|Big Company|2156|135835.43
4|12/12/2019|Green Company|5756|63507.08
5|12/12/2019|Huge Company|8532|132840.06
1|12/11/2019|Some Company LTD|4656|201009.16
2|12/11/2019|Fake Company LTD|1576|28983.89
3|12/11/2019|Big Company|4679|54045.3
4|12/11/2019|Green Company|317|44043.95
5|12/11/2019|Huge Company|334|48181.97
1|12/10/2019|Some Company LTD|8890|103769.65
2|12/10/2019|Fake Company LTD|7906|18277.82
3|12/10/2019|Big Company|5328|93534.91
4|12/10/2019|Green Company|6073|160005.88
5|12/10/2019|Huge Company|208|121010.28
1|12/9/2019|Some Company LTD|280|18249.11
2|12/9/2019|Fake Company LTD|112|32364.91
3|12/9/2019|Big Company|3980|44672.65
4|12/9/2019|Green Company|2218|201493.5
5|12/9/2019|Huge Company|6703|196782.11
1|12/6/2019|Some Company LTD|5888|10298.35
2|12/6/2019|Fake Company LTD|3749|64456.03
3|12/6/2019|Big Company|491|195948.12
4|12/6/2019|Green Company|2332|181981.86
5|12/6/2019|Huge Company|7737|175942.98
1|12/5/2019|Some Company LTD|4172|173545.87
2|12/5/2019|Fake Company LTD|8424|8386.79
3|12/5/2019|Big Company|5459|192279.73
4|12/5/2019|Green Company|8952|141082.71
5|12/5/2019|Huge Company|8194|34031.26
1|12/4/2019|Some Company LTD|7473|101659.93
2|12/4/2019|Fake Company LTD|589|198441.15
3|12/4/2019|Big Company|1789|145928.05
4|12/4/2019|Green Company|742|79354.15
5|12/4/2019|Huge Company|3194|152515.44
1|12/3/2019|Some Company LTD|421|19976.32
2|12/3/2019|Fake Company LTD|5801|204499.15
3|12/3/2019|Big Company|4962|91788.72
4|12/3/2019|Green Company|5901|25257.79
5|12/3/2019|Huge Company|6126|205557.74
1|12/2/2019|Some Company LTD|7758|209696.7
2|12/2/2019|Fake Company LTD|1310|9244.58
3|12/2/2019|Big Company|1585|23646.67
4|12/2/2019|Green Company|7711|126520.36
5|12/2/2019|Huge Company|8924|182577.71
1|11/29/2019|Some Company LTD|9897|2500.96
2|11/29/2019|Fake Company LTD|1525|61839.19
3|11/29/2019|Big Company|3241|71330.19
4|11/29/2019|Green Company|965|148309.84
5|11/29/2019|Huge Company|7446|134925.16
1|11/27/2019|Some Company LTD|4214|26624.7
2|11/27/2019|Fake Company LTD|7835|58842.07
3|11/27/2019|Big Company|7114|150549.68
4|11/27/2019|Green Company|8817|122333.73
5|11/27/2019|Huge Company|3834|190420.91
1|11/26/2019|Some Company LTD|1585|17942.38
2|11/26/2019|Fake Company LTD|9405|100211.67
3|11/26/2019|Big Company|7712|171349.14
4|11/26/2019|Green Company|2048|169888.36
5|11/26/2019|Huge Company|6543|201552.09
1|11/25/2019|Some Company LTD|7413|83635.27
2|11/25/2019|Fake Company LTD|9939|48504.63
3|11/25/2019|Big Company|4500|181777.03
4|11/25/2019|Green Company|4057|186637.65
5|11/25/2019|Huge Company|3477|136240.6
1|11/22/2019|Some Company LTD|996|105042.31
2|11/22/2019|Fake Company LTD|4187|205886.43
3|11/22/2019|Big Company|402|171072.67
4|11/22/2019|Green Company|2205|139679.13
5|11/22/2019|Huge Company|375|18117.14
1|11/21/2019|Some Company LTD|9182|180103.74
2|11/21/2019|Fake Company LTD|6653|180703.28
3|11/21/2019|Big Company|9442|203136.98
4|11/21/2019|Green Company|7364|109519.18
5|11/21/2019|Huge Company|400|57635.07
1|11/20/2019|Some Company LTD|7403|211722.14
2|11/20/2019|Fake Company LTD|4964|156573.56
3|11/20/2019|Big Company|3079|64997.84
4|11/20/2019|Green Company|1498|161186.32
5|11/20/2019|Huge Company|5300|47125.76
1|11/19/2019|Some Company LTD|4608|4588.35
2|11/19/2019|Fake Company LTD|3586|31821.99
3|11/19/2019|Big Company|9332|213813.45
4|11/19/2019|Green Company|1405|26356.03
5|11/19/2019|Huge Company|3297|122120.17
1|11/18/2019|Some Company LTD|4818|56669.66
2|11/18/2019|Fake Company LTD|7803|3888.87
3|11/18/2019|Big Company|6071|27366.75
4|11/18/2019|Green Company|670|29347.56
5|11/18/2019|Huge Company|2992|9293.96
1|11/15/2019|Some Company LTD|9785|203396.06
2|11/15/2019|Fake Company LTD|6100|126198.59
3|11/15/2019|Big Company|8524|17856.26
4|11/15/2019|Green Company|4627|49682.07
5|11/15/2019|Huge Company|3396|133276.48
1|11/14/2019|Some Company LTD|2691|144195.46
2|11/14/2019|Fake Company LTD|2077|196442.93
3|11/14/2019|Big Company|7312|214523.22
4|11/14/2019|Green Company|8323|201426.6
5|11/14/2019|Huge Company|9256|45593.15
1|11/13/2019|Some Company LTD|691|168197.96
2|11/13/2019|Fake Company LTD|4513|205786.57
3|11/13/2019|Big Company|6128|112688.2
4|11/13/2019|Green Company|2045|6262.36
5|11/13/2019|Huge Company|2296|96133.45
1|11/12/2019|Some Company LTD|317|184508.94
2|11/12/2019|Fake Company LTD|7987|31146.38
3|11/12/2019|Big Company|8349|88702.41
4|11/12/2019|Green Company|1506|195387.99
5|11/12/2019|Huge Company|5720|132298.8
1|11/11/2019|Some Company LTD|2264|113087.97
2|11/11/2019|Fake Company LTD|1825|189094.19
3|11/11/2019|Big Company|6299|106683.61
4|11/11/2019|Green Company|2682|169632.07
5|11/11/2019|Huge Company|3507|126999.43
1|11/8/2019|Some Company LTD|7991|211325.32
2|11/8/2019|Fake Company LTD|1242|7961.55
3|11/8/2019|Big Company|7734|121119.46
4|11/8/2019|Green Company|5192|19715.04
5|11/8/2019|Huge Company|2657|212302.64
1|11/7/2019|Some Company LTD|2258|26174.74
2|11/7/2019|Fake Company LTD|7122|171069.46
3|11/7/2019|Big Company|8090|213257.67
4|11/7/2019|Green Company|7564|137498.66
5|11/7/2019|Huge Company|1356|21273.09
1|11/6/2019|Some Company LTD|4081|92754.97
2|11/6/2019|Fake Company LTD|5241|78666.35
3|11/6/2019|Big Company|7791|18972.42
4|11/6/2019|Green Company|6395|68517.79
5|11/6/2019|Huge Company|7716|81217.83
1|11/5/2019|Some Company LTD|9739|87365.36
2|11/5/2019|Fake Company LTD|2244|210410.87
3|11/5/2019|Big Company|8813|61573.84
4|11/5/2019|Green Company|1698|12455.51
5|11/5/2019|Huge Company|3404|106932.07
1|11/4/2019|Some Company LTD|8484|4457.76
2|11/4/2019|Fake Company LTD|5744|56524.23
3|11/4/2019|Big Company|6543|162093.84
4|11/4/2019|Green Company|9520|104245.42
5|11/4/2019|Huge Company|2351|120611.4
1|11/1/2019|Some Company LTD|7331|22410.34
2|11/1/2019|Fake Company LTD|8251|195411.16
3|11/1/2019|Big Company|273|49957.68
4|11/1/2019|Green Company|1559|146306
5|11/1/2019|Huge Company|7302|205342.2
1|10/31/2019|Some Company LTD|1967|14635.06
2|10/31/2019|Fake Company LTD|1213|149732.3
3|10/31/2019|Big Company|4359|189975.2
4|10/31/2019|Green Company|4933|214463.59
5|10/31/2019|Huge Company|6002|186651.59
1|10/30/2019|Some Company LTD|144|152200.19
2|10/30/2019|Fake Company LTD|353|49433.33
3|10/30/2019|Big Company|8123|207761.71
4|10/30/2019|Green Company|2038|58181.68
5|10/30/2019|Huge Company|3611|166940.83
1|10/29/2019|Some Company LTD|2900|195836.65
2|10/29/2019|Fake Company LTD|2215|29005.25
3|10/29/2019|Big Company|3398|45041.56
4|10/29/2019|Green Company|5804|194383.19
5|10/29/2019|Huge Company|8126|14184.67
1|10/28/2019|Some Company LTD|5754|147118.6
2|10/28/2019|Fake Company LTD|7281|63432.04
3|10/28/2019|Big Company|5925|57533.88
4|10/28/2019|Green Company|344|53632.05
5|10/28/2019|Huge Company|9064|4727.87
1|10/25/2019|Some Company LTD|6882|191913.91
2|10/25/2019|Fake Company LTD|8951|155380.3
3|10/25/2019|Big Company|7449|6011.8
4|10/25/2019|Green Company|3620|143047.76
5|10/25/2019|Huge Company|8362|46484.79
1|10/24/2019|Some Company LTD|6614|213835.19
2|10/24/2019|Fake Company LTD|4136|136631.94
3|10/24/2019|Big Company|4375|44497.85
4|10/24/2019|Green Company|7224|99811.41
5|10/24/2019|Huge Company|9049|70524.06
1|10/23/2019|Some Company LTD|784|51162.71
2|10/23/2019|Fake Company LTD|600|169735.69
3|10/23/2019|Big Company|4045|11683.02
4|10/23/2019|Green Company|8677|60539.34
5|10/23/2019|Huge Company|9987|193900.45
1|10/22/2019|Some Company LTD|4068|125515.33
2|10/22/2019|Fake Company LTD|6890|116891.98
3|10/22/2019|Big Company|5671|102976.5
4|10/22/2019|Green Company|3999|204810.42
5|10/22/2019|Huge Company|9110|160966.14
1|10/21/2019|Some Company LTD|6392|596.16
2|10/21/2019|Fake Company LTD|3832|54620.16
3|10/21/2019|Big Company|2789|199778.59
4|10/21/2019|Green Company|2870|71611.54
5|10/21/2019|Huge Company|2610|71283.77
1|10/18/2019|Some Company LTD|5759|214142.05
2|10/18/2019|Fake Company LTD|5167|142599.95
3|10/18/2019|Big Company|7767|74068.58
4|10/18/2019|Green Company|2848|99397.9
5|10/18/2019|Huge Company|6852|120195.28
1|10/17/2019|Some Company LTD|1462|18414.18
2|10/17/2019|Fake Company LTD|8654|144372.11
3|10/17/2019|Big Company|2151|88565.18
4|10/17/2019|Green Company|3594|153468.22
5|10/17/2019|Huge Company|5379|154290.5
1|10/16/2019|Some Company LTD|9674|162890.1
2|10/16/2019|Fake Company LTD|9487|72731.18
3|10/16/2019|Big Company|5964|150181.82
4|10/16/2019|Green Company|3666|157749.58
5|10/16/2019|Huge Company|4824|161060.09
1|10/15/2019|Some Company LTD|2663|94509.12
2|10/15/2019|Fake Company LTD|400|62068.62
3|10/15/2019|Big Company|7377|57218.87
4|10/15/2019|Green Company|1397|204153.54
5|10/15/2019|Huge Company|9441|139813.93
1|10/14/2019|Some Company LTD|2774|202700.52
2|10/14/2019|Fake Company LTD|7274|64102.54
3|10/14/2019|Big Company|812|163156.66
4|10/14/2019|Green Company|9924|84977.18
5|10/14/2019|Huge Company|1583|198310.05
1|10/11/2019|Some Company LTD|2589|42640.45
2|10/11/2019|Fake Company LTD|1892|66382.15
3|10/11/2019|Big Company|7226|50902.98
4|10/11/2019|Green Company|3766|116665.25
5|10/11/2019|Huge Company|6910|85219.81
1|10/10/2019|Some Company LTD|7445|104059.04
2|10/10/2019|Fake Company LTD|5847|204016.94
3|10/10/2019|Big Company|7242|110869.4
4|10/10/2019|Green Company|2595|211088.74
5|10/10/2019|Huge Company|5434|70798.33
1|10/9/2019|Some Company LTD|4715|133746.88
2|10/9/2019|Fake Company LTD|5597|129018.13
3|10/9/2019|Big Company|7311|161398.69
4|10/9/2019|Green Company|4668|50709.32
5|10/9/2019|Huge Company|3015|200764.03
1|10/8/2019|Some Company LTD|5373|82674.85
2|10/8/2019|Fake Company LTD|6653|202270.57
3|10/8/2019|Big Company|8729|143357.78
4|10/8/2019|Green Company|3421|112955.11
5|10/8/2019|Huge Company|4660|108119.55
1|10/7/2019|Some Company LTD|6551|87080.12
2|10/7/2019|Fake Company LTD|9753|103475.05
3|10/7/2019|Big Company|7085|73535.11
4|10/7/2019|Green Company|6194|12670.42
5|10/7/2019|Huge Company|207|70779.56
1|10/4/2019|Some Company LTD|7032|153602.44
2|10/4/2019|Fake Company LTD|5527|197318.86
3|10/4/2019|Big Company|5161|197594.83
4|10/4/2019|Green Company|7922|37033.16
5|10/4/2019|Huge Company|4045|168638.31
1|10/3/2019|Some Company LTD|5815|38529.53
2|10/3/2019|Fake Company LTD|8484|108557.64
3|10/3/2019|Big Company|1193|151666.25
4|10/3/2019|Green Company|5774|141889.58
5|10/3/2019|Huge Company|1341|27234.37
1|10/2/2019|Some Company LTD|4092|185571.44
2|10/2/2019|Fake Company LTD|6686|128941.65
3|10/2/2019|Big Company|8090|115492.85
4|10/2/2019|Green Company|1670|180066.07
5|10/2/2019|Huge Company|7375|196420.33
1|10/1/2019|Some Company LTD|245|50723.3
2|10/1/2019|Fake Company LTD|8939|179966.68
3|10/1/2019|Big Company|1319|41261.54
4|10/1/2019|Green Company|9857|17481
5|10/1/2019|Huge Company|6723|80673.95
1|9/30/2019|Some Company LTD|6908|92739.23
2|9/30/2019|Fake Company LTD|6538|139395.13
3|9/30/2019|Big Company|6950|58812.26
4|9/30/2019|Green Company|8732|98408.42
5|9/30/2019|Huge Company|71|175845.45
1|9/27/2019|Some Company LTD|7571|38351.31
2|9/27/2019|Fake Company LTD|7313|131862.05
3|9/27/2019|Big Company|9653|83608.92
4|9/27/2019|Green Company|9811|48710.45
5|9/27/2019|Huge Company|7050|166989.34
1|9/26/2019|Some Company LTD|6845|99662.05
2|9/26/2019|Fake Company LTD|2896|85668.07
3|9/26/2019|Big Company|7640|125526.4
4|9/26/2019|Green Company|7163|15252.55
5|9/26/2019|Huge Company|4472|14168.22
1|9/25/2019|Some Company LTD|9803|87543.84
2|9/25/2019|Fake Company LTD|9347|162627.31
3|9/25/2019|Big Company|2325|160037.34
4|9/25/2019|Green Company|1916|83160.63
5|9/25/2019|Huge Company|1137|168934.03
1|9/24/2019|Some Company LTD|149|199476.02
2|9/24/2019|Fake Company LTD|4012|36557.26
3|9/24/2019|Big Company|2686|143601.19
4|9/24/2019|Green Company|196|204213.92
5|9/24/2019|Huge Company|5829|211648.14
1|9/23/2019|Some Company LTD|4812|134523.05
2|9/23/2019|Fake Company LTD|4520|144526.45
3|9/23/2019|Big Company|2833|198546.31
4|9/23/2019|Green Company|2734|210738.92
5|9/23/2019|Huge Company|2794|211159.62
1|9/20/2019|Some Company LTD|9013|111921.66
2|9/20/2019|Fake Company LTD|4512|131127.22
3|9/20/2019|Big Company|9202|206174.09
4|9/20/2019|Green Company|3521|104096.51
5|9/20/2019|Huge Company|3475|210642.66
1|9/19/2019|Some Company LTD|6606|56866.79
2|9/19/2019|Fake Company LTD|639|133782.03
3|9/19/2019|Big Company|2639|150931.13
4|9/19/2019|Green Company|2066|207919.26
5|9/19/2019|Huge Company|6756|84834.01
1|9/18/2019|Some Company LTD|2634|139556.48
2|9/18/2019|Fake Company LTD|9989|92855.67
3|9/18/2019|Big Company|9058|117716.04
4|9/18/2019|Green Company|4757|17257.59
5|9/18/2019|Huge Company|3211|108271.02
1|9/17/2019|Some Company LTD|8464|62915.37
2|9/17/2019|Fake Company LTD|4370|59545.39
3|9/17/2019|Big Company|3037|156595.97
4|9/17/2019|Green Company|6810|61205.85
5|9/17/2019|Huge Company|2995|183577.91
1|9/16/2019|Some Company LTD|8094|122172.54
2|9/16/2019|Fake Company LTD|3487|209557.83
3|9/16/2019|Big Company|2643|53702.61
4|9/16/2019|Green Company|4865|205311.74
5|9/16/2019|Huge Company|7102|65721.13
1|9/13/2019|Some Company LTD|4648|128237.37
2|9/13/2019|Fake Company LTD|7073|7707.73
3|9/13/2019|Big Company|2476|103100.65
4|9/13/2019|Green Company|5460|172823.54
5|9/13/2019|Huge Company|372|146784.7
1|9/12/2019|Some Company LTD|9333|165184.74
2|9/12/2019|Fake Company LTD|1121|85960.98
3|9/12/2019|Big Company|2129|129178.97
4|9/12/2019|Green Company|3489|43233.93
5|9/12/2019|Huge Company|5796|84037.79
1|9/11/2019|Some Company LTD|9870|88088.11
2|9/11/2019|Fake Company LTD|3577|176793.52
3|9/11/2019|Big Company|1957|98965.48
4|9/11/2019|Green Company|2996|7341.03
5|9/11/2019|Huge Company|2097|207631.49
1|9/10/2019|Some Company LTD|4682|39295.16
2|9/10/2019|Fake Company LTD|1817|62406.8
3|9/10/2019|Big Company|5824|141847.67
4|9/10/2019|Green Company|7881|122468.73
5|9/10/2019|Huge Company|4746|175063.45
1|9/9/2019|Some Company LTD|610|117353.25
2|9/9/2019|Fake Company LTD|7091|22708.06
3|9/9/2019|Big Company|3571|103682.38
4|9/9/2019|Green Company|4033|34287.37
5|9/9/2019|Huge Company|6484|919.2
1|9/6/2019|Some Company LTD|4406|196494.44
2|9/6/2019|Fake Company LTD|5060|147505.54
3|9/6/2019|Big Company|7179|147462.41
4|9/6/2019|Green Company|9031|206847.91
5|9/6/2019|Huge Company|8010|5148.69
1|9/5/2019|Some Company LTD|5907|179337.67
2|9/5/2019|Fake Company LTD|5132|77781.32
3|9/5/2019|Big Company|7904|61212.09
4|9/5/2019|Green Company|4864|158570.6
5|9/5/2019|Huge Company|7699|78818.18
1|9/4/2019|Some Company LTD|3876|99294.85
2|9/4/2019|Fake Company LTD|4048|108912.3
3|9/4/2019|Big Company|4606|91680.5
4|9/4/2019|Green Company|6541|213401.52
5|9/4/2019|Huge Company|9466|66613.31
1|9/3/2019|Some Company LTD|96|152464.47
2|9/3/2019|Fake Company LTD|5884|99770.43
3|9/3/2019|Big Company|5731|141971.89
4|9/3/2019|Green Company|8069|173627.88
5|9/3/2019|Huge Company|4483|88287.29
1|8/30/2019|Some Company LTD|7490|185693.82
2|8/30/2019|Fake Company LTD|846|60865.34
3|8/30/2019|Big Company|9311|193401.21
4|8/30/2019|Green Company|2684|188481.47
5|8/30/2019|Huge Company|2420|128809.59
1|8/29/2019|Some Company LTD|2812|90191.73
2|8/29/2019|Fake Company LTD|7010|70875.42
3|8/29/2019|Big Company|3519|210218.49
4|8/29/2019|Green Company|124|143842.85
5|8/29/2019|Huge Company|2508|154455.48
1|8/28/2019|Some Company LTD|4726|66930.57
2|8/28/2019|Fake Company LTD|4365|56188.58
3|8/28/2019|Big Company|6078|124762.92
4|8/28/2019|Green Company|2100|129042.37
5|8/28/2019|Huge Company|2589|20339.5
1|8/27/2019|Some Company LTD|6675|42636.36
2|8/27/2019|Fake Company LTD|9593|187838.29
3|8/27/2019|Big Company|8880|59209.1
4|8/27/2019|Green Company|4114|209894.81
5|8/27/2019|Huge Company|7855|30551.91
1|8/26/2019|Some Company LTD|77|138805.78
2|8/26/2019|Fake Company LTD|6509|130132.3
3|8/26/2019|Big Company|3473|179607.79
4|8/26/2019|Green Company|1053|179979.37
5|8/26/2019|Huge Company|9624|4122.2
1|8/23/2019|Some Company LTD|9075|122429.68
2|8/23/2019|Fake Company LTD|3470|20871.13
3|8/23/2019|Big Company|8497|33739.92
4|8/23/2019|Green Company|1477|133630.97
5|8/23/2019|Huge Company|9655|146538.64
1|8/22/2019|Some Company LTD|2535|109913.05
2|8/22/2019|Fake Company LTD|3355|212376.26
3|8/22/2019|Big Company|6097|73384.8
4|8/22/2019|Green Company|4396|168522.65
5|8/22/2019|Huge Company|5220|126514.83
1|8/21/2019|Some Company LTD|3319|144516.33
2|8/21/2019|Fake Company LTD|121|54398.5
3|8/21/2019|Big Company|7468|109891.64
4|8/21/2019|Green Company|9998|119359.9
5|8/21/2019|Huge Company|9694|88647.98
1|8/20/2019|Some Company LTD|6976|30817.8
2|8/20/2019|Fake Company LTD|4400|181039.31
3|8/20/2019|Big Company|5901|78035.59
4|8/20/2019|Green Company|9654|148331.32
5|8/20/2019|Huge Company|4373|18131.2
1|8/19/2019|Some Company LTD|4147|117884.57
2|8/19/2019|Fake Company LTD|3977|119974.25
3|8/19/2019|Big Company|1663|110846.53
4|8/19/2019|Green Company|8311|102286.31
5|8/19/2019|Huge Company|5853|199356.91
1|8/16/2019|Some Company LTD|9773|192398.38
2|8/16/2019|Fake Company LTD|1210|91377.83
3|8/16/2019|Big Company|4544|18390.98
4|8/16/2019|Green Company|1305|115844.18
5|8/16/2019|Huge Company|4042|146853.27
1|8/15/2019|Some Company LTD|2665|210567.22
2|8/15/2019|Fake Company LTD|3348|152480.09
3|8/15/2019|Big Company|460|52140.4
4|8/15/2019|Green Company|303|19063.57
5|8/15/2019|Huge Company|5464|153807.11
1|8/14/2019|Some Company LTD|8685|153954.47
2|8/14/2019|Fake Company LTD|3165|211754.22
3|8/14/2019|Big Company|751|90826.03
4|8/14/2019|Green Company|118|159189.05
5|8/14/2019|Huge Company|8950|154118.37
1|8/13/2019|Some Company LTD|2990|167895.86
2|8/13/2019|Fake Company LTD|1269|147891.96
3|8/13/2019|Big Company|5848|91061.4
4|8/13/2019|Green Company|6749|158798.39
5|8/13/2019|Huge Company|7902|152800.98
1|8/12/2019|Some Company LTD|9621|18046.69
2|8/12/2019|Fake Company LTD|3326|124409.68
3|8/12/2019|Big Company|107|8802.85
4|8/12/2019|Green Company|5957|19055.75
5|8/12/2019|Huge Company|2343|10699.96
1|8/9/2019|Some Company LTD|5114|173427.96
2|8/9/2019|Fake Company LTD|9518|20564.55
3|8/9/2019|Big Company|319|133702.22
4|8/9/2019|Green Company|8210|174234.96
5|8/9/2019|Huge Company|2530|139847.25
1|8/8/2019|Some Company LTD|5559|165723.11
2|8/8/2019|Fake Company LTD|2625|98007.43
3|8/8/2019|Big Company|2749|82171.63
4|8/8/2019|Green Company|7088|9725.15
5|8/8/2019|Huge Company|6019|181482.5
1|8/7/2019|Some Company LTD|6271|109365.13
2|8/7/2019|Fake Company LTD|2555|95021.44
3|8/7/2019|Big Company|3561|210670.47
4|8/7/2019|Green Company|2675|15832.76
5|8/7/2019|Huge Company|5482|2077.79
1|8/6/2019|Some Company LTD|6682|123352.6
2|8/6/2019|Fake Company LTD|6406|185601.56
3|8/6/2019|Big Company|5752|72258.76
4|8/6/2019|Green Company|1411|143582.63
5|8/6/2019|Huge Company|5416|10223.08
1|8/5/2019|Some Company LTD|2636|124059.52
2|8/5/2019|Fake Company LTD|3929|129842.01
3|8/5/2019|Big Company|6694|80158.61
4|8/5/2019|Green Company|3310|24625.93
5|8/5/2019|Huge Company|2827|36023.21
1|8/2/2019|Some Company LTD|5520|186361.06
2|8/2/2019|Fake Company LTD|2073|38647.89
3|8/2/2019|Big Company|8752|139476.28
4|8/2/2019|Green Company|4191|49506.81
5|8/2/2019|Huge Company|9423|138703.4
1|8/1/2019|Some Company LTD|5979|106118.42
2|8/1/2019|Fake Company LTD|8849|148044.05
3|8/1/2019|Big Company|5753|36467.49
4|8/1/2019|Green Company|351|45974.68
5|8/1/2019|Huge Company|9564|164206.56
1|7/31/2019|Some Company LTD|5054|154900.93
2|7/31/2019|Fake Company LTD|8247|43584.33
3|7/31/2019|Big Company|866|100991.09
4|7/31/2019|Green Company|2637|148273.11
5|7/31/2019|Huge Company|830|73937.08
1|7/30/2019|Some Company LTD|3894|57917.36
2|7/30/2019|Fake Company LTD|6063|81169.7
3|7/30/2019|Big Company|9546|74283.62
4|7/30/2019|Green Company|4649|184262.07
5|7/30/2019|Huge Company|3708|60179.03
1|7/29/2019|Some Company LTD|2576|112080.95
2|7/29/2019|Fake Company LTD|13|175079.27
3|7/29/2019|Big Company|5798|61248.34
4|7/29/2019|Green Company|107|189826.57
5|7/29/2019|Huge Company|428|122376.98
1|7/26/2019|Some Company LTD|9279|120271.18
2|7/26/2019|Fake Company LTD|2338|5663.43
3|7/26/2019|Big Company|1177|161369.29
4|7/26/2019|Green Company|9937|83874.41
5|7/26/2019|Huge Company|4687|104438.45
1|7/25/2019|Some Company LTD|3602|144332.82
2|7/25/2019|Fake Company LTD|7390|112002.6
3|7/25/2019|Big Company|8619|168851.99
4|7/25/2019|Green Company|949|163549.17
5|7/25/2019|Huge Company|393|64369.86
1|7/24/2019|Some Company LTD|5037|48324.81
2|7/24/2019|Fake Company LTD|9134|77462.71
3|7/24/2019|Big Company|8717|152292.02
4|7/24/2019|Green Company|2807|29818.01
5|7/24/2019|Huge Company|11|158510.4
1|7/23/2019|Some Company LTD|5983|194605.9
2|7/23/2019|Fake Company LTD|231|131607.98
3|7/23/2019|Big Company|5992|24632.15
4|7/23/2019|Green Company|9279|130115.39
5|7/23/2019|Huge Company|3014|126383.49
1|7/22/2019|Some Company LTD|6060|50492.94
2|7/22/2019|Fake Company LTD|5640|114576.08
3|7/22/2019|Big Company|8582|62908.09
4|7/22/2019|Green Company|8378|139542.83
5|7/22/2019|Huge Company|7159|138606.25
1|7/19/2019|Some Company LTD|4511|17811.32
2|7/19/2019|Fake Company LTD|7599|173314.14
3|7/19/2019|Big Company|4873|21433.48
4|7/19/2019|Green Company|3693|77453.87
5|7/19/2019|Huge Company|4963|45482.07
1|7/18/2019|Some Company LTD|8426|210848.48
2|7/18/2019|Fake Company LTD|7128|100633.13
3|7/18/2019|Big Company|8872|91279.44
4|7/18/2019|Green Company|1054|205001.05
5|7/18/2019|Huge Company|6170|154368.08
1|7/17/2019|Some Company LTD|3520|8047.21
2|7/17/2019|Fake Company LTD|957|19578.59
3|7/17/2019|Big Company|3039|154319.62
4|7/17/2019|Green Company|1450|107007.76
5|7/17/2019|Huge Company|4236|152656.02
1|7/16/2019|Some Company LTD|6623|56526.66
2|7/16/2019|Fake Company LTD|4382|13252
3|7/16/2019|Big Company|4699|105691.93
4|7/16/2019|Green Company|6844|209946.5
5|7/16/2019|Huge Company|5987|55915.4
1|7/15/2019|Some Company LTD|5105|96989.68
2|7/15/2019|Fake Company LTD|251|43972.55
3|7/15/2019|Big Company|5850|184490.61
4|7/15/2019|Green Company|1970|110450.63
5|7/15/2019|Huge Company|6371|134581.43
1|7/12/2019|Some Company LTD|9945|191992.56
2|7/12/2019|Fake Company LTD|4515|1917.16
3|7/12/2019|Big Company|5788|16360.06
4|7/12/2019|Green Company|390|173723.32
5|7/12/2019|Huge Company|920|180339.25
1|7/11/2019|Some Company LTD|3236|40425.97
2|7/11/2019|Fake Company LTD|5304|24658.13
3|7/11/2019|Big Company|7554|157517.47
4|7/11/2019|Green Company|6714|114468.41
5|7/11/2019|Huge Company|7243|149318.24
1|7/10/2019|Some Company LTD|8241|83336.1
2|7/10/2019|Fake Company LTD|5362|205320.69
3|7/10/2019|Big Company|6794|194624.28
4|7/10/2019|Green Company|7868|15852.96
5|7/10/2019|Huge Company|6126|43475.32
1|7/9/2019|Some Company LTD|9237|48929.07
2|7/9/2019|Fake Company LTD|785|29196.32
3|7/9/2019|Big Company|7274|178460.65
4|7/9/2019|Green Company|4022|16591.44
5|7/9/2019|Huge Company|6852|207078.55
1|7/8/2019|Some Company LTD|9729|202618.81
2|7/8/2019|Fake Company LTD|2820|103629.98
3|7/8/2019|Big Company|6890|30093.21
4|7/8/2019|Green Company|9271|37973.83
5|7/8/2019|Huge Company|7440|12505.87
1|7/5/2019|Some Company LTD|3284|109850.31
2|7/5/2019|Fake Company LTD|1164|150347.22
3|7/5/2019|Big Company|8336|85595.65
4|7/5/2019|Green Company|7413|63004.78
5|7/5/2019|Huge Company|708|195462.12
1|7/3/2019|Some Company LTD|660|156316.68
2|7/3/2019|Fake Company LTD|8285|148740.45
3|7/3/2019|Big Company|7194|30939.79
4|7/3/2019|Green Company|3378|136732.88
5|7/3/2019|Huge Company|1319|25983.19
1|7/2/2019|Some Company LTD|5949|38001.65
2|7/2/2019|Fake Company LTD|6024|25301.56
3|7/2/2019|Big Company|8745|203643.31
4|7/2/2019|Green Company|3618|174955.78
5|7/2/2019|Huge Company|493|211491.64
1|7/1/2019|Some Company LTD|1972|18070.23
2|7/1/2019|Fake Company LTD|4492|147897.6
3|7/1/2019|Big Company|4622|211920.19
4|7/1/2019|Green Company|7425|13179.36
5|7/1/2019|Huge Company|850|121932.49
1|6/28/2019|Some Company LTD|3254|49599.29
2|6/28/2019|Fake Company LTD|2394|170001.56
3|6/28/2019|Big Company|1417|137178.59
4|6/28/2019|Green Company|1756|63707.59
5|6/28/2019|Huge Company|9710|21680.11
1|6/27/2019|Some Company LTD|4200|19312.09
2|6/27/2019|Fake Company LTD|56|86690.47
3|6/27/2019|Big Company|4918|78476.33
4|6/27/2019|Green Company|6461|134912.05
5|6/27/2019|Huge Company|1017|68322.9
1|6/26/2019|Some Company LTD|7373|14476.57
2|6/26/2019|Fake Company LTD|4042|190861.12
3|6/26/2019|Big Company|3118|142039.39
4|6/26/2019|Green Company|5901|34251.74
5|6/26/2019|Huge Company|7375|90288.88
1|6/25/2019|Some Company LTD|865|197949.73
2|6/25/2019|Fake Company LTD|6451|133298.37
3|6/25/2019|Big Company|7809|191886.54
4|6/25/2019|Green Company|2272|169907.94
5|6/25/2019|Huge Company|7405|210083.49
1|6/24/2019|Some Company LTD|2802|103214.29
2|6/24/2019|Fake Company LTD|3706|94189.54
3|6/24/2019|Big Company|5872|171625.42
4|6/24/2019|Green Company|885|117382.72
5|6/24/2019|Huge Company|691|139174.78
1|6/21/2019|Some Company LTD|4428|121594.38
2|6/21/2019|Fake Company LTD|5500|159355.55
3|6/21/2019|Big Company|8870|161435.82
4|6/21/2019|Green Company|7844|72506.89
5|6/21/2019|Huge Company|9538|211070.48
1|6/20/2019|Some Company LTD|14|200135.56
2|6/20/2019|Fake Company LTD|5557|161603.64
3|6/20/2019|Big Company|2265|191522.75
4|6/20/2019|Green Company|3133|153534.39
5|6/20/2019|Huge Company|3170|43753.87
1|6/19/2019|Some Company LTD|1172|104084.41
2|6/19/2019|Fake Company LTD|7996|136031.13
3|6/19/2019|Big Company|4901|48373.99
4|6/19/2019|Green Company|4045|115487.45
5|6/19/2019|Huge Company|629|5206.95
1|6/18/2019|Some Company LTD|2131|162375.29
2|6/18/2019|Fake Company LTD|4831|102183.05
3|6/18/2019|Big Company|3118|183953.3
4|6/18/2019|Green Company|6203|144597.43
5|6/18/2019|Huge Company|5854|87425.17
1|6/17/2019|Some Company LTD|1753|70436.48
2|6/17/2019|Fake Company LTD|1627|92495.5
3|6/17/2019|Big Company|9514|113291.47
4|6/17/2019|Green Company|765|61770.3
5|6/17/2019|Huge Company|3331|71174.4
1|6/14/2019|Some Company LTD|1567|207168.49
2|6/14/2019|Fake Company LTD|5863|14973.46
3|6/14/2019|Big Company|449|80655.75
4|6/14/2019|Green Company|1926|119532.85
5|6/14/2019|Huge Company|2455|136736.55
1|6/13/2019|Some Company LTD|8867|42469.83
2|6/13/2019|Fake Company LTD|8847|181103.4
3|6/13/2019|Big Company|9141|1027.09
4|6/13/2019|Green Company|167|147164.12
5|6/13/2019|Huge Company|2875|66255.94
1|6/12/2019|Some Company LTD|2399|59548.66
2|6/12/2019|Fake Company LTD|7565|75892.75
3|6/12/2019|Big Company|6019|154263.48
4|6/12/2019|Green Company|1217|16067.16
5|6/12/2019|Huge Company|1124|181419.28
1|6/11/2019|Some Company LTD|7881|76240.78
2|6/11/2019|Fake Company LTD|9326|84021.67
3|6/11/2019|Big Company|8428|167583.04
4|6/11/2019|Green Company|1630|93345.74
5|6/11/2019|Huge Company|3596|5337.65
1|6/10/2019|Some Company LTD|6993|155930.13
2|6/10/2019|Fake Company LTD|151|96342.92
3|6/10/2019|Big Company|8131|109859.47
4|6/10/2019|Green Company|2248|169580.29
5|6/10/2019|Huge Company|7541|71036.5
1|6/7/2019|Some Company LTD|9745|129220.29
2|6/7/2019|Fake Company LTD|2840|21224.83
3|6/7/2019|Big Company|8841|186952.53
4|6/7/2019|Green Company|7388|61497.15
5|6/7/2019|Huge Company|521|164856.34
1|6/6/2019|Some Company LTD|849|32650.3
2|6/6/2019|Fake Company LTD|8030|138542.56
3|6/6/2019|Big Company|8592|114208.05
4|6/6/2019|Green Company|5174|47851.62
5|6/6/2019|Huge Company|8599|53935.02
1|6/5/2019|Some Company LTD|1653|78406.38
2|6/5/2019|Fake Company LTD|1130|182475.61
3|6/5/2019|Big Company|5320|154023.56
4|6/5/2019|Green Company|1366|176990.13
5|6/5/2019|Huge Company|7685|24501.36
1|6/4/2019|Some Company LTD|710|134745.63
2|6/4/2019|Fake Company LTD|7957|18758.92
3|6/4/2019|Big Company|4220|23700.93
4|6/4/2019|Green Company|8366|63781.9
5|6/4/2019|Huge Company|194|102150.3
1|6/3/2019|Some Company LTD|6025|120873.99
2|6/3/2019|Fake Company LTD|6311|154509.63
3|6/3/2019|Big Company|228|205833.65
4|6/3/2019|Green Company|1869|48535.57
5|6/3/2019|Huge Company|7987|196832.97
1|5/31/2019|Some Company LTD|2545|148380.06
2|5/31/2019|Fake Company LTD|6766|35013.66
3|5/31/2019|Big Company|6665|66020
4|5/31/2019|Green Company|249|135398.22
5|5/31/2019|Huge Company|1903|85473.97
1|5/30/2019|Some Company LTD|6167|45208.71
2|5/30/2019|Fake Company LTD|7318|213813.69
3|5/30/2019|Big Company|4239|41941.8
4|5/30/2019|Green Company|6620|97223.21
5|5/30/2019|Huge Company|1629|212773.51
1|5/29/2019|Some Company LTD|6378|192242.89
2|5/29/2019|Fake Company LTD|2232|194165
3|5/29/2019|Big Company|8507|42953.34
4|5/29/2019|Green Company|3555|155714.1
5|5/29/2019|Huge Company|8919|175071.58
1|5/28/2019|Some Company LTD|9904|76597.58
2|5/28/2019|Fake Company LTD|4766|71685.82
3|5/28/2019|Big Company|2384|35049.28
4|5/28/2019|Green Company|4395|176559.23
5|5/28/2019|Huge Company|9633|69535.08
1|5/24/2019|Some Company LTD|3262|7008.96
2|5/24/2019|Fake Company LTD|3311|205284.05
3|5/24/2019|Big Company|6907|144155.06
4|5/24/2019|Green Company|8574|64786.77
5|5/24/2019|Huge Company|3867|90880.85
1|5/23/2019|Some Company LTD|8397|159555.97
2|5/23/2019|Fake Company LTD|6923|182296.72
3|5/23/2019|Big Company|3975|195877.46
4|5/23/2019|Green Company|167|146630.63
5|5/23/2019|Huge Company|9937|68718.95
1|5/22/2019|Some Company LTD|3022|193034.13
2|5/22/2019|Fake Company LTD|2333|56275.88
3|5/22/2019|Big Company|2810|59808.45
4|5/22/2019|Green Company|78|119857.22
5|5/22/2019|Huge Company|5817|133921.87
1|5/21/2019|Some Company LTD|5956|159000.37
2|5/21/2019|Fake Company LTD|4355|173575.66
3|5/21/2019|Big Company|826|125925.18
4|5/21/2019|Green Company|6262|201191.2
5|5/21/2019|Huge Company|6507|82473.69
1|5/20/2019|Some Company LTD|2344|146392.89
2|5/20/2019|Fake Company LTD|2975|198694.56
3|5/20/2019|Big Company|6354|112454.52
4|5/20/2019|Green Company|9123|138942.03
5|5/20/2019|Huge Company|3652|133797.99
1|5/17/2019|Some Company LTD|939|197794.91
2|5/17/2019|Fake Company LTD|7937|153214.19
3|5/17/2019|Big Company|9800|102958.71
4|5/17/2019|Green Company|4902|58681.83
5|5/17/2019|Huge Company|4304|137229.67
1|5/16/2019|Some Company LTD|5180|35472.01
2|5/16/2019|Fake Company LTD|8026|151184.56
3|5/16/2019|Big Company|374|39070.21
4|5/16/2019|Green Company|6184|177005.24
5|5/16/2019|Huge Company|8481|137557.07
1|5/15/2019|Some Company LTD|3742|162489.4
2|5/15/2019|Fake Company LTD|1486|54241.97
3|5/15/2019|Big Company|6991|95757.78
4|5/15/2019|Green Company|3294|193872.87
5|5/15/2019|Huge Company|2469|104719.08
1|5/14/2019|Some Company LTD|3679|194402.43
2|5/14/2019|Fake Company LTD|6229|39890.47
3|5/14/2019|Big Company|1467|163491.12
4|5/14/2019|Green Company|2857|133314.29
5|5/14/2019|Huge Company|2106|165632.71
1|5/13/2019|Some Company LTD|2515|137689
2|5/13/2019|Fake Company LTD|5423|115532.45
3|5/13/2019|Big Company|9367|19252.38
4|5/13/2019|Green Company|3473|166100.24
5|5/13/2019|Huge Company|8733|97001.21
1|5/10/2019|Some Company LTD|8626|34891.79
2|5/10/2019|Fake Company LTD|2578|199299.34
3|5/10/2019|Big Company|553|200377.69
4|5/10/2019|Green Company|5447|132168.43
5|5/10/2019|Huge Company|5949|78721.81
1|5/9/2019|Some Company LTD|4558|6132.7
2|5/9/2019|Fake Company LTD|2080|204473.99
3|5/9/2019|Big Company|7934|55630.04
4|5/9/2019|Green Company|2896|117383.15
5|5/9/2019|Huge Company|5119|145808.94
1|5/8/2019|Some Company LTD|8504|161327.1
2|5/8/2019|Fake Company LTD|8439|21143.17
3|5/8/2019|Big Company|4061|143477.18
4|5/8/2019|Green Company|7035|145875.28
5|5/8/2019|Huge Company|9711|10483.71
1|5/7/2019|Some Company LTD|8680|36252.49
2|5/7/2019|Fake Company LTD|431|29536.84
3|5/7/2019|Big Company|9631|138414.55
4|5/7/2019|Green Company|1716|87165.53
5|5/7/2019|Huge Company|1507|38910.02
1|5/6/2019|Some Company LTD|5642|146160.78
2|5/6/2019|Fake Company LTD|4485|46528.59
3|5/6/2019|Big Company|3336|112818.03
4|5/6/2019|Green Company|1450|102398.99
5|5/6/2019|Huge Company|6461|152969.39
1|5/3/2019|Some Company LTD|7606|47897.91
2|5/3/2019|Fake Company LTD|3801|150393.31
3|5/3/2019|Big Company|8097|204193.4
4|5/3/2019|Green Company|4500|24361.79
5|5/3/2019|Huge Company|8435|185094.25
1|5/2/2019|Some Company LTD|5594|17427.81
2|5/2/2019|Fake Company LTD|4864|25392.33
3|5/2/2019|Big Company|729|17014.77
4|5/2/2019|Green Company|121|113004.79
5|5/2/2019|Huge Company|1908|81527.36
1|5/1/2019|Some Company LTD|9726|203685.12
2|5/1/2019|Fake Company LTD|9074|138437.95
3|5/1/2019|Big Company|7528|135634.4
4|5/1/2019|Green Company|8567|4358.12
5|5/1/2019|Huge Company|2904|139301.59
1|4/30/2019|Some Company LTD|7822|92454.81
2|4/30/2019|Fake Company LTD|4516|182429.85
3|4/30/2019|Big Company|5540|189675.95
4|4/30/2019|Green Company|1356|184373.52
5|4/30/2019|Huge Company|5440|67687.67
1|4/29/2019|Some Company LTD|2446|58644.9
2|4/29/2019|Fake Company LTD|8371|16671.65
3|4/29/2019|Big Company|8582|127256.5
4|4/29/2019|Green Company|7709|43036.17
5|4/29/2019|Huge Company|4973|44673.19
1|4/26/2019|Some Company LTD|2425|27699.79
2|4/26/2019|Fake Company LTD|1872|210612.68
3|4/26/2019|Big Company|5031|205326.49
4|4/26/2019|Green Company|7739|48910.39
5|4/26/2019|Huge Company|6663|19408.19
1|4/25/2019|Some Company LTD|6513|51614.88
2|4/25/2019|Fake Company LTD|1636|115263.47
3|4/25/2019|Big Company|3494|31799.17
4|4/25/2019|Green Company|68|183230.08
5|4/25/2019|Huge Company|5199|70963.16
1|4/24/2019|Some Company LTD|4917|85999.24
2|4/24/2019|Fake Company LTD|8188|52277.54
3|4/24/2019|Big Company|4645|56012.76
4|4/24/2019|Green Company|2005|171790.52
5|4/24/2019|Huge Company|1837|168618.43
1|4/23/2019|Some Company LTD|783|136499.12
2|4/23/2019|Fake Company LTD|3735|111419.27
3|4/23/2019|Big Company|6549|211097.5
4|4/23/2019|Green Company|7142|83823.45
5|4/23/2019|Huge Company|672|103162.37
1|4/22/2019|Some Company LTD|3253|204672.49
2|4/22/2019|Fake Company LTD|6954|85479.63
3|4/22/2019|Big Company|6248|116444.97
4|4/22/2019|Green Company|8819|98421.92
5|4/22/2019|Huge Company|431|67892.09
1|4/18/2019|Some Company LTD|3633|8281.77
2|4/18/2019|Fake Company LTD|1387|172123.96
3|4/18/2019|Big Company|1105|164915.65
4|4/18/2019|Green Company|1488|203294.79
5|4/18/2019|Huge Company|2699|33769.18
1|4/17/2019|Some Company LTD|4512|117745.34
2|4/17/2019|Fake Company LTD|5742|164044.24
3|4/17/2019|Big Company|3554|183629.45
4|4/17/2019|Green Company|3960|34703.01
5|4/17/2019|Huge Company|381|203325.2
1|4/16/2019|Some Company LTD|3807|95144.91
2|4/16/2019|Fake Company LTD|299|80370.7
3|4/16/2019|Big Company|4316|120777.98
4|4/16/2019|Green Company|4671|196527.34
5|4/16/2019|Huge Company|2694|184897.2
1|4/15/2019|Some Company LTD|1990|189218.31
2|4/15/2019|Fake Company LTD|3790|42638.37
3|4/15/2019|Big Company|5234|188226.38
4|4/15/2019|Green Company|4227|138087.16
5|4/15/2019|Huge Company|3055|106270.01
1|4/12/2019|Some Company LTD|8397|45265.74
2|4/12/2019|Fake Company LTD|4790|203871.73
3|4/12/2019|Big Company|4760|143477.18
4|4/12/2019|Green Company|234|101412.14
5|4/12/2019|Huge Company|2337|2794.64
1|4/11/2019|Some Company LTD|7504|7304.06
2|4/11/2019|Fake Company LTD|6402|166607.14
3|4/11/2019|Big Company|3268|197496.61
4|4/11/2019|Green Company|4888|16077.32
5|4/11/2019|Huge Company|6056|8885.93
1|4/10/2019|Some Company LTD|5072|184922.65
2|4/10/2019|Fake Company LTD|1553|106525.65
3|4/10/2019|Big Company|9761|44595.59
4|4/10/2019|Green Company|8261|48316.9
5|4/10/2019|Huge Company|3968|67141.32
1|4/9/2019|Some Company LTD|7650|193851.85
2|4/9/2019|Fake Company LTD|6187|209650.54
3|4/9/2019|Big Company|3280|87902.64
4|4/9/2019|Green Company|9684|180206.99
5|4/9/2019|Huge Company|3351|162763.15
1|4/8/2019|Some Company LTD|6597|6511.57
2|4/8/2019|Fake Company LTD|1150|187511.67
3|4/8/2019|Big Company|5451|130619.56
4|4/8/2019|Green Company|7985|29596.96
5|4/8/2019|Huge Company|8233|197443.66
1|4/5/2019|Some Company LTD|2300|142208.22
2|4/5/2019|Fake Company LTD|593|105027.15
3|4/5/2019|Big Company|5646|31005.08
4|4/5/2019|Green Company|1444|200063.35
5|4/5/2019|Huge Company|3912|48044.44
1|4/4/2019|Some Company LTD|2188|46514.31
2|4/4/2019|Fake Company LTD|9382|118614.14
3|4/4/2019|Big Company|6235|69656.82
4|4/4/2019|Green Company|3935|184784.18
5|4/4/2019|Huge Company|5353|62120.69
1|4/3/2019|Some Company LTD|2575|127487.45
2|4/3/2019|Fake Company LTD|5412|193318.14
3|4/3/2019|Big Company|6180|120892.1
4|4/3/2019|Green Company|6414|189119.26
5|4/3/2019|Huge Company|2076|138120.82
1|4/2/2019|Some Company LTD|5933|101389.49
2|4/2/2019|Fake Company LTD|2067|14552.29
3|4/2/2019|Big Company|5258|173853.76
4|4/2/2019|Green Company|3195|110324.87
5|4/2/2019|Huge Company|8320|142822.88
1|4/1/2019|Some Company LTD|2859|70630.89
2|4/1/2019|Fake Company LTD|1699|149584.58
3|4/1/2019|Big Company|1854|201414.63
4|4/1/2019|Green Company|5142|76755.09
5|4/1/2019|Huge Company|3441|148327.07
1|3/29/2019|Some Company LTD|2534|139778.32
2|3/29/2019|Fake Company LTD|5048|65032.76
3|3/29/2019|Big Company|9394|86552.56
4|3/29/2019|Green Company|3167|177006.5
5|3/29/2019|Huge Company|7470|159643.38
1|3/28/2019|Some Company LTD|8405|207619.08
2|3/28/2019|Fake Company LTD|8775|69272.11
3|3/28/2019|Big Company|7814|61404.82
4|3/28/2019|Green Company|2918|107653.45
5|3/28/2019|Huge Company|5041|19511.05
1|3/27/2019|Some Company LTD|6177|180706.52
2|3/27/2019|Fake Company LTD|8443|182653.83
3|3/27/2019|Big Company|7110|167066.64
4|3/27/2019|Green Company|3642|42240.45
5|3/27/2019|Huge Company|7876|214464.31
1|3/26/2019|Some Company LTD|7039|175880.16
2|3/26/2019|Fake Company LTD|2169|57968.18
3|3/26/2019|Big Company|2191|35583.8
4|3/26/2019|Green Company|101|82027.5
5|3/26/2019|Huge Company|7134|10726.44
1|3/25/2019|Some Company LTD|7190|169204.89
2|3/25/2019|Fake Company LTD|5783|39619.09
3|3/25/2019|Big Company|8506|160584.64
4|3/25/2019|Green Company|1894|132959.24
5|3/25/2019|Huge Company|942|169514.43
1|3/22/2019|Some Company LTD|5191|159687.95
2|3/22/2019|Fake Company LTD|6626|164528.73
3|3/22/2019|Big Company|4051|69417.88
4|3/22/2019|Green Company|3284|82592.71
5|3/22/2019|Huge Company|1429|146890.24
1|3/21/2019|Some Company LTD|4063|52415.2
2|3/21/2019|Fake Company LTD|6376|35248.78
3|3/21/2019|Big Company|4681|171544.35
4|3/21/2019|Green Company|9722|89481.1
5|3/21/2019|Huge Company|1509|110547.14
1|3/20/2019|Some Company LTD|1002|138949.27
2|3/20/2019|Fake Company LTD|1693|106455.88
3|3/20/2019|Big Company|1410|199550.11
4|3/20/2019|Green Company|5432|186845.93
5|3/20/2019|Huge Company|5078|31389.99
1|3/19/2019|Some Company LTD|950|79636.73
2|3/19/2019|Fake Company LTD|5287|145879
3|3/19/2019|Big Company|6927|166543.84
4|3/19/2019|Green Company|3021|152518.14
5|3/19/2019|Huge Company|4505|76524.74
1|3/18/2019|Some Company LTD|2763|77525.98
2|3/18/2019|Fake Company LTD|7779|19642.25
3|3/18/2019|Big Company|1477|187500.41
4|3/18/2019|Green Company|6013|108043.18
5|3/18/2019|Huge Company|7857|182661.85
1|3/15/2019|Some Company LTD|6802|103634.55
2|3/15/2019|Fake Company LTD|4455|72574.75
3|3/15/2019|Big Company|3549|23997.42
4|3/15/2019|Green Company|2291|116949.62
5|3/15/2019|Huge Company|7|208145.99
1|3/14/2019|Some Company LTD|8840|133765.09
2|3/14/2019|Fake Company LTD|1687|23587.41
3|3/14/2019|Big Company|3126|64087.33
4|3/14/2019|Green Company|7566|144957.85
5|3/14/2019|Huge Company|8591|190999.72
1|3/13/2019|Some Company LTD|3366|151524.38
2|3/13/2019|Fake Company LTD|923|154584.04
3|3/13/2019|Big Company|7755|74725.93
4|3/13/2019|Green Company|7482|184404.56
5|3/13/2019|Huge Company|7490|26890.05
1|3/12/2019|Some Company LTD|3486|147026.36
2|3/12/2019|Fake Company LTD|2660|53523.4
3|3/12/2019|Big Company|3939|204860.08
4|3/12/2019|Green Company|3192|79957.37
5|3/12/2019|Huge Company|5102|149117.43
1|3/11/2019|Some Company LTD|9112|62268.88
2|3/11/2019|Fake Company LTD|684|178361.68
3|3/11/2019|Big Company|2098|187592.85
4|3/11/2019|Green Company|7047|201490.22
5|3/11/2019|Huge Company|9468|157730.18
1|3/8/2019|Some Company LTD|3093|104810.28
2|3/8/2019|Fake Company LTD|1783|38843.79
3|3/8/2019|Big Company|5374|163775.33
4|3/8/2019|Green Company|5544|166756.75
5|3/8/2019|Huge Company|6730|8822.55
1|3/7/2019|Some Company LTD|391|43499.12
2|3/7/2019|Fake Company LTD|5389|182196.72
3|3/7/2019|Big Company|6819|97202.96
4|3/7/2019|Green Company|6976|91479.22
5|3/7/2019|Huge Company|9557|190375.86
1|3/6/2019|Some Company LTD|4835|26071.17
2|3/6/2019|Fake Company LTD|2794|5608.55
3|3/6/2019|Big Company|3524|146176.43
4|3/6/2019|Green Company|5749|149565.76
5|3/6/2019|Huge Company|7242|92189.43
1|3/5/2019|Some Company LTD|750|202377.78
2|3/5/2019|Fake Company LTD|6583|143280.62
3|3/5/2019|Big Company|7196|128840.08
4|3/5/2019|Green Company|8054|186905.24
5|3/5/2019|Huge Company|2939|154523.47
1|3/4/2019|Some Company LTD|6730|561.93
2|3/4/2019|Fake Company LTD|8224|189607.49
3|3/4/2019|Big Company|3304|114366.9
4|3/4/2019|Green Company|3700|54886.95
5|3/4/2019|Huge Company|5913|136753.45
1|3/1/2019|Some Company LTD|109|158804.6
2|3/1/2019|Fake Company LTD|9622|38263.28
3|3/1/2019|Big Company|284|59820.97
4|3/1/2019|Green Company|3638|89436.13
5|3/1/2019|Huge Company|1541|168213.32
1|2/28/2019|Some Company LTD|1611|5733.49
2|2/28/2019|Fake Company LTD|9489|24115.51
3|2/28/2019|Big Company|5406|212044.42
4|2/28/2019|Green Company|1215|123575.77
5|2/28/2019|Huge Company|5937|196799.56
1|2/27/2019|Some Company LTD|7885|99274.08
2|2/27/2019|Fake Company LTD|8115|55461.68
3|2/27/2019|Big Company|1675|12300.52
4|2/27/2019|Green Company|1484|185796.15
5|2/27/2019|Huge Company|8180|169736.94
1|2/26/2019|Some Company LTD|435|56358.31
2|2/26/2019|Fake Company LTD|7637|52564.31
3|2/26/2019|Big Company|6651|37060.01
4|2/26/2019|Green Company|9915|58765.61
5|2/26/2019|Huge Company|7277|38066.68
1|2/25/2019|Some Company LTD|3888|117125.33
2|2/25/2019|Fake Company LTD|8591|210419.51
3|2/25/2019|Big Company|5586|158615.93
4|2/25/2019|Green Company|2339|87587.3
5|2/25/2019|Huge Company|8803|4865.71
1|2/22/2019|Some Company LTD|6202|147421.1
2|2/22/2019|Fake Company LTD|1307|65963.3
3|2/22/2019|Big Company|5496|25647.35
4|2/22/2019|Green Company|8899|167893.49
5|2/22/2019|Huge Company|2414|15286.6
1|2/21/2019|Some Company LTD|2526|94012.96
2|2/21/2019|Fake Company LTD|1515|62387.33
3|2/21/2019|Big Company|7556|140436.93
4|2/21/2019|Green Company|4664|114693.35
5|2/21/2019|Huge Company|2882|169117.08
1|2/20/2019|Some Company LTD|890|23934.15
2|2/20/2019|Fake Company LTD|9836|200779.82
3|2/20/2019|Big Company|2086|194029.6
4|2/20/2019|Green Company|156|189163.37
5|2/20/2019|Huge Company|8567|184649.58
1|2/19/2019|Some Company LTD|6201|137930.26
2|2/19/2019|Fake Company LTD|1986|100545.97
3|2/19/2019|Big Company|1595|9032.21
4|2/19/2019|Green Company|5740|7453.69
5|2/19/2019|Huge Company|4689|68664.57
1|2/15/2019|Some Company LTD|1105|63817.8
2|2/15/2019|Fake Company LTD|9021|131899.72
3|2/15/2019|Big Company|803|149196.1
4|2/15/2019|Green Company|4068|97609.04
5|2/15/2019|Huge Company|6176|63265.42
1|2/14/2019|Some Company LTD|294|182340.46
2|2/14/2019|Fake Company LTD|1820|86709.38
3|2/14/2019|Big Company|2860|138634.48
4|2/14/2019|Green Company|8323|173542.38
5|2/14/2019|Huge Company|8249|37808.6
1|2/13/2019|Some Company LTD|4320|186546.72
2|2/13/2019|Fake Company LTD|1719|57565.54
3|2/13/2019|Big Company|470|43332.74
4|2/13/2019|Green Company|7886|51514.32
5|2/13/2019|Huge Company|6403|211429.23
1|2/12/2019|Some Company LTD|727|141930.01
2|2/12/2019|Fake Company LTD|2459|152914.95
3|2/12/2019|Big Company|879|76508.93
4|2/12/2019|Green Company|8206|202300.26
5|2/12/2019|Huge Company|9779|124547.18
1|2/11/2019|Some Company LTD|3102|149677.13
2|2/11/2019|Fake Company LTD|9769|147879.7
3|2/11/2019|Big Company|2744|122961.43
4|2/11/2019|Green Company|318|207840.54
5|2/11/2019|Huge Company|9004|208859.27
1|2/8/2019|Some Company LTD|3664|193520.59
2|2/8/2019|Fake Company LTD|9739|97994.55
3|2/8/2019|Big Company|8916|213044.21
4|2/8/2019|Green Company|8241|85805.38
5|2/8/2019|Huge Company|639|101727.22
1|2/7/2019|Some Company LTD|5557|54224.85
2|2/7/2019|Fake Company LTD|7295|110591.21
3|2/7/2019|Big Company|8956|58539.39
4|2/7/2019|Green Company|5060|208046.28
5|2/7/2019|Huge Company|7278|69569.29
1|2/6/2019|Some Company LTD|5688|127526.9
2|2/6/2019|Fake Company LTD|5101|12787.88
3|2/6/2019|Big Company|8882|97618.08
4|2/6/2019|Green Company|5933|188137.29
5|2/6/2019|Huge Company|3388|200936.15
1|2/5/2019|Some Company LTD|8706|68798.72
2|2/5/2019|Fake Company LTD|4482|36400.67
3|2/5/2019|Big Company|4115|46665.92
4|2/5/2019|Green Company|5672|47605.39
5|2/5/2019|Huge Company|6898|168470.65
1|2/4/2019|Some Company LTD|9887|19878.41
2|2/4/2019|Fake Company LTD|2878|156708.33
3|2/4/2019|Big Company|7702|135471.19
4|2/4/2019|Green Company|7832|43318.29
5|2/4/2019|Huge Company|8678|121560.64
1|2/1/2019|Some Company LTD|7394|155303.46
2|2/1/2019|Fake Company LTD|4916|148331.06
3|2/1/2019|Big Company|493|25275.34
4|2/1/2019|Green Company|5776|128564.03
5|2/1/2019|Huge Company|117|200925.13
1|1/31/2019|Some Company LTD|637|106637.29
2|1/31/2019|Fake Company LTD|5907|57767.98
3|1/31/2019|Big Company|651|127844.39
4|1/31/2019|Green Company|6694|176646.87
5|1/31/2019|Huge Company|2680|73737.77
1|1/30/2019|Some Company LTD|3405|81591.34
2|1/30/2019|Fake Company LTD|46|104395.7
3|1/30/2019|Big Company|9758|1600.03
4|1/30/2019|Green Company|5830|203509.48
5|1/30/2019|Huge Company|2135|98899.96
1|1/29/2019|Some Company LTD|2576|151823.86
2|1/29/2019|Fake Company LTD|5710|74311.17
3|1/29/2019|Big Company|5938|77775.58
4|1/29/2019|Green Company|5096|195661.58
5|1/29/2019|Huge Company|1063|130484
1|1/28/2019|Some Company LTD|1370|89952.35
2|1/28/2019|Fake Company LTD|7323|19235.72
3|1/28/2019|Big Company|8963|180893.52
4|1/28/2019|Green Company|5282|5732.85
5|1/28/2019|Huge Company|6365|85176.54
1|1/25/2019|Some Company LTD|9444|130238.44
2|1/25/2019|Fake Company LTD|9550|184719.75
3|1/25/2019|Big Company|3853|38440.16
4|1/25/2019|Green Company|3182|69759.74
5|1/25/2019|Huge Company|2068|190779.1
1|1/24/2019|Some Company LTD|7306|180493.31
2|1/24/2019|Fake Company LTD|6237|197159.31
3|1/24/2019|Big Company|4921|139573.97
4|1/24/2019|Green Company|1553|2579.83
5|1/24/2019|Huge Company|32|66256.71
1|1/23/2019|Some Company LTD|7180|74246.91
2|1/23/2019|Fake Company LTD|1744|124950.15
3|1/23/2019|Big Company|8747|176082.3
4|1/23/2019|Green Company|1688|199692.55
5|1/23/2019|Huge Company|3594|107989.7
1|1/22/2019|Some Company LTD|2901|125786.67
2|1/22/2019|Fake Company LTD|349|31482.59
3|1/22/2019|Big Company|6274|110856.64
4|1/22/2019|Green Company|2288|51387.42
5|1/22/2019|Huge Company|8122|208284.09
1|1/18/2019|Some Company LTD|7702|192180.39
2|1/18/2019|Fake Company LTD|4273|48423.87
3|1/18/2019|Big Company|9637|184859.05
4|1/18/2019|Green Company|5833|143272.85
5|1/18/2019|Huge Company|8038|127737.21
1|1/17/2019|Some Company LTD|3057|115608.97
2|1/17/2019|Fake Company LTD|2818|153197.73
3|1/17/2019|Big Company|2660|198135.57
4|1/17/2019|Green Company|2222|162702.83
5|1/17/2019|Huge Company|5237|76389.15
1|1/16/2019|Some Company LTD|1113|97846.93
2|1/16/2019|Fake Company LTD|104|147325.71
3|1/16/2019|Big Company|2026|201757.79
4|1/16/2019|Green Company|3064|145777.49
5|1/16/2019|Huge Company|4750|78568.63
1|1/15/2019|Some Company LTD|3462|154470.14
2|1/15/2019|Fake Company LTD|258|109592.65
3|1/15/2019|Big Company|7621|170480.66
4|1/15/2019|Green Company|4145|104431.31
5|1/15/2019|Huge Company|8339|6883.2
1|1/14/2019|Some Company LTD|7354|137903.14
2|1/14/2019|Fake Company LTD|709|86004.41
3|1/14/2019|Big Company|9141|94082.82
4|1/14/2019|Green Company|2895|31951.97
5|1/14/2019|Huge Company|603|73796.26
1|1/11/2019|Some Company LTD|5845|53164.01
2|1/11/2019|Fake Company LTD|8670|152768.57
3|1/11/2019|Big Company|5165|99441.16
4|1/11/2019|Green Company|9560|186415.81
5|1/11/2019|Huge Company|2487|80413.42
1|1/10/2019|Some Company LTD|6181|211230.96
2|1/10/2019|Fake Company LTD|4443|182396.53
3|1/10/2019|Big Company|8401|147202.29
4|1/10/2019|Green Company|9829|142476.84
5|1/10/2019|Huge Company|806|210047.85
1|1/9/2019|Some Company LTD|6320|36612.86
2|1/9/2019|Fake Company LTD|6785|182146.13
3|1/9/2019|Big Company|4499|171311.26
4|1/9/2019|Green Company|1024|135348.98
5|1/9/2019|Huge Company|9732|37150.25
1|1/8/2019|Some Company LTD|255|13679.32
2|1/8/2019|Fake Company LTD|7285|209329.36
3|1/8/2019|Big Company|1862|122340.49
4|1/8/2019|Green Company|2480|78876.8
5|1/8/2019|Huge Company|6438|76211.46
1|1/7/2019|Some Company LTD|4820|10914.8
2|1/7/2019|Fake Company LTD|4850|159819.82
3|1/7/2019|Big Company|5311|110931.75
4|1/7/2019|Green Company|9911|40790.12
5|1/7/2019|Huge Company|6900|123788.37
1|1/4/2019|Some Company LTD|9999|93606.29
2|1/4/2019|Fake Company LTD|8611|187695.89
3|1/4/2019|Big Company|8884|190714.61
4|1/4/2019|Green Company|2945|119418.95
5|1/4/2019|Huge Company|4271|64062.18
1|1/3/2019|Some Company LTD|1515|35271.06
2|1/3/2019|Fake Company LTD|4837|174150.55
3|1/3/2019|Big Company|6373|93419.86
4|1/3/2019|Green Company|5479|22192.8
5|1/3/2019|Huge Company|6997|148686.39
1|1/2/2019|Some Company LTD|3156|209142.59
2|1/2/2019|Fake Company LTD|6811|162364.57
3|1/2/2019|Big Company|1254|84257.9
4|1/2/2019|Green Company|6443|149456.64
5|1/2/2019|Huge Company|2146|52416.05
